,Family Size,Living with parents?,Mother Edu,Father Edu,Parent Income,Commute time,Avg study time,Educational support,Extra-curricular,Higher studies,Internet at home?,Tuition count,Health,Avg leaves,Performance,Self Awareness,Self Regulation,Motivation,Empathy,Social Skills,Extroverted,Intuitive,Thinking,Perceiving,IX,X,XI,XII,Female,Male,Other means of travel,Travel by Bus,Travel by auto-rikshaw,Travel by car,Travel by walk
0,0.3,1,0.8,0.8,0.6,0.8,0.2,1,0.2,1,1,0.8,0.8,1.0,47.6666666667,0.4666666666666667,0.7333333333333333,0.5333333333333333,0.6,0.6,0.1875,0.0625,0.125,0.375,1,0,0,0,1,0,0,0,1,0,0
1,0.7,1,0.2,0.2,0.6,0.8,0.6,1,0.8,1,1,0.6,0.4,0.4,97.0,0.26666666666666666,0.5333333333333333,0.4666666666666667,0.4666666666666667,0.26666666666666666,0.25,0.0,-0.125,-0.125,1,0,0,0,1,0,1,0,0,0,0
2,0.6,1,0.2,0.4,0.4,0.6,0.6,1,0.2,-1,1,0.6,0.2,0.4,37.6666666667,0.3333333333333333,0.7333333333333333,0.5333333333333333,0.3333333333333333,0.5333333333333333,0.0625,-0.1875,0.0625,0.0,1,0,0,0,1,0,0,0,1,0,0
3,0.4,1,0.8,0.8,0.4,0.6,0.2,-1,0.2,1,1,0.2,0.2,0.6,77.6666666667,0.26666666666666666,0.6666666666666666,0.4666666666666667,0.4666666666666667,0.4,-0.125,0.125,-0.375,-0.0625,1,0,0,0,1,0,0,0,1,0,0
4,0.7,1,0.4,0.6,0.4,0.4,0.6,-1,0.2,1,1,0.2,0.4,0.2,81.3333333333,0.26666666666666666,0.6,0.6666666666666666,0.3333333333333333,0.4666666666666667,0.25,-0.375,0.0,-0.3125,1,0,0,0,1,0,0,0,1,0,0
5,0.6,1,0.4,0.6,0.4,0.6,0.6,1,0.2,1,1,1.0,0.4,0.6,76.0,0.4,0.6666666666666666,0.6666666666666666,0.4,0.4666666666666667,0.4375,-0.125,-0.125,0.25,1,0,0,0,1,0,0,0,1,0,0
9,0.4,1,0.4,0.8,0.2,0.6,0.4,1,0.6,1,1,0.6,0.4,0.2,70.8333333333,0.4,0.9333333333333333,0.5333333333333333,0.3333333333333333,0.5333333333333333,0.125,0.125,-0.125,0.1875,1,0,0,0,1,0,0,0,1,0,0
11,1.0,1,0.6,0.0,0.4,0.8,0.2,1,0.2,1,1,1.0,0.8,0.6,9.666666666669999,0.4,0.8666666666666667,0.6666666666666666,0.6666666666666666,0.6,-0.625,-0.0625,-0.0625,0.4375,1,0,0,0,1,0,0,0,1,0,0
12,0.5,1,0.6,0.6,0.4,0.8,0.2,1,0.2,1,1,0.8,0.6,0.8,42.8333333333,0.3333333333333333,0.6666666666666666,0.8666666666666667,0.6,0.7333333333333333,0.125,0.0,-0.5625,0.1875,1,0,0,0,1,0,0,0,1,0,0
14,0.4,1,0.6,0.8,0.4,0.6,0.4,1,0.2,1,1,1.0,0.4,0.4,51.8333333333,0.3333333333333333,0.6,0.6,0.4666666666666667,0.4666666666666667,0.25,-0.125,0.3125,0.0625,1,0,0,0,1,0,0,0,1,0,0
16,0.6,1,0.2,0.4,0.4,0.4,0.6,1,0.4,1,1,0.4,0.2,0.2,73.8333333333,0.4,0.4,0.6666666666666666,0.5333333333333333,0.6,-0.3125,-0.1875,0.375,-0.125,1,0,0,0,1,0,1,0,0,0,0
18,0.4,1,0.6,0.8,1.0,0.6,0.6,1,0.2,1,1,0.6,0.2,0.4,82.3333333333,0.4666666666666667,0.6666666666666666,0.6,0.5333333333333333,0.2,0.0625,0.25,-0.125,0.1875,1,0,0,0,0,1,0,0,1,0,0
19,1.0,1,0.0,0.4,0.4,0.8,0.4,1,0.4,1,1,1.0,0.4,0.8,76.3333333333,0.26666666666666666,0.4666666666666667,0.5333333333333333,0.5333333333333333,0.5333333333333333,0.0,-0.0625,0.0625,0.0625,1,0,0,0,0,1,0,0,1,0,0
20,0.8,-1,0.0,0.2,0.2,0.8,0.4,1,0.2,1,-1,0.6,0.6,0.4,87.5,0.26666666666666666,0.5333333333333333,0.6666666666666666,0.4666666666666667,0.5333333333333333,-0.25,0.125,-0.125,0.0625,1,0,0,0,0,1,0,0,1,0,0
21,0.3,-1,0.0,0.0,0.4,0.8,0.2,1,0.2,1,1,1.0,0.6,0.4,26.0,0.6666666666666666,0.7333333333333333,0.4666666666666667,0.6,0.6,0.0625,0.0,0.0625,0.1875,1,0,0,0,0,1,0,0,1,0,0
22,0.4,1,0.8,0.4,0.6,0.8,0.2,-1,0.4,1,1,0.8,0.2,0.6,32.3333333333,0.4,0.5333333333333333,0.6,0.6,0.5333333333333333,0.25,-0.125,0.5,-0.375,1,0,0,0,0,1,0,0,1,0,0
24,0.4,1,0.2,0.0,0.4,0.6,0.4,-1,0.2,1,1,0.8,0.8,0.4,71.0,0.5333333333333333,0.6666666666666666,0.7333333333333333,0.5333333333333333,0.6666666666666666,0.1875,0.0,0.0,0.3125,1,0,0,0,0,1,0,0,1,0,0
25,0.6,1,0.4,0.8,0.8,0.4,0.4,1,0.2,1,1,0.8,0.4,0.6,67.0,0.6666666666666666,0.5333333333333333,0.7333333333333333,0.5333333333333333,0.7333333333333333,-0.1875,-0.3125,0.3125,-0.0625,1,0,0,0,0,1,0,0,0,1,0
26,0.5,1,0.4,0.2,0.4,1.0,0.2,1,0.4,1,1,1.0,0.6,0.6,81.8333333333,0.4,0.5333333333333333,0.6,0.4666666666666667,0.4666666666666667,-0.375,-0.25,0.4375,0.1875,1,0,0,0,0,1,0,1,0,0,0
27,0.5,1,0.4,0.2,0.4,0.2,0.2,-1,0.2,1,-1,0.2,0.2,0.4,60.0,0.3333333333333333,0.7333333333333333,0.6666666666666666,0.6666666666666666,0.4666666666666667,0.0625,-0.25,-0.125,-0.3125,1,0,0,0,0,1,0,0,0,0,1
28,0.5,1,0.0,0.6,0.4,0.4,0.4,-1,0.2,1,-1,0.2,0.2,0.4,33.5,0.3333333333333333,0.7333333333333333,0.9333333333333333,0.3333333333333333,0.6666666666666666,0.375,0.125,-0.25,-0.0625,1,0,0,0,0,1,0,0,1,0,0
29,0.4,1,0.6,0.8,0.6,0.8,0.4,1,0.2,1,1,0.6,0.6,0.8,35.8333333333,0.4,0.4,0.5333333333333333,0.5333333333333333,0.6,0.0625,0.1875,0.0625,0.5,1,0,0,0,0,1,0,1,0,0,0
30,0.7,1,0.2,0.4,0.2,0.8,0.4,-1,0.2,1,-1,0.2,0.4,0.8,39.0,0.26666666666666666,0.6666666666666666,0.8666666666666667,0.3333333333333333,0.5333333333333333,0.0,0.0,0.25,0.5,1,0,0,0,0,1,0,0,1,0,0
31,0.9,1,0.2,0.4,0.4,0.8,0.4,1,0.2,0,-1,0.6,0.6,0.2,58.8333333333,0.4,0.5333333333333333,0.6666666666666666,0.5333333333333333,0.6666666666666666,0.375,-0.0625,0.1875,-0.375,1,0,0,0,0,1,0,1,0,0,0
32,0.4,1,0.0,0.6,0.4,0.2,0.4,1,0.2,1,1,1.0,0.8,0.6,58.1666666667,0.26666666666666666,0.4,0.6666666666666666,0.4,0.5333333333333333,-0.4375,-0.0625,0.3125,0.3125,1,0,0,0,0,1,0,0,0,0,1
33,0.6,1,0.6,0.6,0.4,0.6,0.4,1,0.2,0,-1,0.6,0.4,0.4,46.3333333333,0.5333333333333333,0.4,0.7333333333333333,0.5333333333333333,0.4,0.0,0.0,0.25,0.1875,1,0,0,0,0,1,1,0,0,0,0
34,0.4,1,0.0,0.0,0.2,0.4,0.4,-1,0.2,0,-1,0.8,0.6,0.4,70.5,0.4,0.4666666666666667,0.6666666666666666,0.6666666666666666,0.6,-0.0625,-0.3125,0.1875,0.0,1,0,0,0,0,1,1,0,0,0,0
36,1.0,1,0.4,0.8,0.8,0.4,0.6,1,0.2,1,1,1.0,0.6,0.4,75.3333333333,0.5333333333333333,0.3333333333333333,0.7333333333333333,0.4666666666666667,0.4,0.0625,0.25,0.0625,0.375,1,0,0,0,0,1,1,0,0,0,0
37,0.4,1,0.6,0.8,1.0,0.4,0.4,1,0.2,1,1,0.4,0.4,0.6,81.3333333333,0.26666666666666666,0.4666666666666667,0.6,0.7333333333333333,0.6666666666666666,-0.1875,0.1875,-0.0625,-0.0625,1,0,0,0,0,1,0,0,0,0,1
38,0.5,1,0.0,0.4,1.0,0.4,0.4,1,0.2,1,1,1.0,0.6,0.4,54.6666666667,0.26666666666666666,0.6666666666666666,0.9333333333333333,0.6666666666666666,0.3333333333333333,0.1875,-0.0625,0.0,-0.1875,1,0,0,0,0,1,0,0,1,0,0
39,0.5,1,0.6,0.8,0.2,0.8,0.6,-1,0.2,1,1,0.2,0.8,0.6,45.1666666667,0.4,0.8,0.4666666666666667,0.6,0.4,0.3125,-0.25,-0.0625,0.3125,1,0,0,0,0,1,0,0,0,1,0
40,0.6,1,0.4,0.8,0.6,0.6,0.4,-1,0.2,1,1,0.6,0.4,0.4,61.3333333333,0.4,0.6666666666666666,0.6,0.5333333333333333,0.6,0.0,-0.1875,0.1875,0.5,1,0,0,0,0,1,0,0,1,0,0
41,0.5,1,0.4,0.2,0.4,0.4,0.4,1,0.2,1,1,0.8,0.4,0.8,53.1666666667,0.4,0.8,0.7333333333333333,0.6666666666666666,0.7333333333333333,-0.125,-0.3125,-0.375,-0.3125,1,0,0,0,0,1,0,0,1,0,0
42,0.5,1,0.6,0.8,0.8,0.6,0.4,1,0.4,1,1,0.6,0.6,0.4,91.8333333333,0.4666666666666667,0.6,0.6666666666666666,0.5333333333333333,0.3333333333333333,-0.0625,0.0625,0.0625,0.1875,1,0,0,0,0,1,0,1,0,0,0
44,0.7,1,0.6,0.6,0.4,0.4,0.2,1,0.2,1,-1,0.8,0.4,0.4,41.3333333333,0.4666666666666667,0.6666666666666666,0.8,0.3333333333333333,0.5333333333333333,-0.125,-0.1875,0.3125,0.1875,1,0,0,0,0,1,0,0,1,0,0
45,0.6,1,0.6,0.4,0.6,0.8,0.4,1,0.2,1,1,0.4,0.4,0.4,57.0,0.3333333333333333,0.5333333333333333,0.6666666666666666,0.4666666666666667,0.5333333333333333,0.0625,0.0,-0.25,0.3125,1,0,0,0,0,1,0,0,1,0,0
46,0.9,1,0.2,0.2,1.0,0.8,0.4,1,0.2,1,1,0.8,0.8,0.4,87.6666666667,0.4666666666666667,0.6,0.4666666666666667,0.4666666666666667,0.7333333333333333,0.5,-0.125,0.25,0.3125,1,0,0,0,0,1,0,0,1,0,0
47,0.3,1,0.0,0.0,0.2,0.4,0.4,1,0.2,1,1,0.8,0.6,0.4,38.5,0.6,0.7333333333333333,0.6666666666666666,0.6,0.6,-0.125,0.0625,0.0625,0.0625,1,0,0,0,0,1,1,0,0,0,0
48,0.9,1,0.2,0.8,0.4,0.4,0.4,-1,0.2,0,-1,0.6,0.6,0.4,35.6666666667,0.4,0.5333333333333333,0.6666666666666666,0.4,0.6666666666666666,0.0625,-0.0625,-0.25,0.5,1,0,0,0,0,1,0,0,0,0,1
52,0.6,1,0.0,0.4,1.0,0.4,0.4,1,0.2,1,1,0.6,0.2,0.4,34.666666666666664,0.5333333333333333,0.6666666666666666,0.6666666666666666,0.4666666666666667,0.6,0.125,-0.125,0.0,0.375,1,0,0,0,1,0,1,0,0,0,0
53,0.5,1,0.2,0.6,1.0,0.8,0.4,1,0.4,1,1,0.8,0.4,0.4,47.33333333333334,0.3333333333333333,0.6666666666666666,0.7333333333333333,0.3333333333333333,0.4,0.4375,-0.3125,-0.5,0.0625,1,0,0,0,1,0,0,1,0,0,0
54,0.4,1,0.4,0.4,0.2,0.2,0.4,-1,0.2,1,1,0.6,0.6,0.6,47.33333333333334,0.4,0.6666666666666666,0.8,0.4,0.5333333333333333,-0.125,-0.1875,-0.0625,0.1875,1,0,0,0,1,0,0,0,1,0,0
55,0.5,1,0.8,0.8,1.0,0.6,0.4,1,0.2,1,1,0.6,0.4,0.4,92.0,0.4,0.6,0.4666666666666667,0.4,0.4666666666666667,0.0,0.3125,-0.0625,0.1875,1,0,0,0,1,0,0,0,1,0,0
56,0.3,1,0.4,0.4,0.2,0.2,0.4,-1,0.2,1,1,0.6,0.6,0.6,54.0,0.4,0.6666666666666666,0.8,0.4,0.5333333333333333,-0.125,-0.1875,-0.125,0.1875,1,0,0,0,1,0,0,1,0,0,0
57,0.4,1,0.0,0.6,0.4,0.8,0.4,1,0.2,1,1,0.4,0.4,0.4,76.0,0.3333333333333333,0.6666666666666666,0.7333333333333333,0.5333333333333333,0.4,0.125,0.0,0.0,0.0,1,0,0,0,1,0,0,0,1,0,0
58,0.3,1,0.6,0.6,0.2,0.4,0.4,1,0.2,1,1,0.8,0.2,0.8,50.66666666666666,0.3333333333333333,0.6666666666666666,0.7333333333333333,0.5333333333333333,0.4666666666666667,-0.0625,0.1875,0.25,0.3125,1,0,0,0,1,0,0,0,1,0,0
59,0.5,1,0.2,0.6,0.6,0.8,0.4,1,0.6,1,1,0.8,0.4,0.4,74.0,0.3333333333333333,0.6,0.8,0.3333333333333333,0.4,0.3125,-0.375,-0.375,-0.125,1,0,0,0,1,0,0,0,1,0,0
60,0.4,1,0.0,0.8,1.0,0.8,0.4,1,0.2,0,1,1.0,0.2,0.6,32.666666666666664,0.3333333333333333,0.6666666666666666,0.6,0.4,0.4,0.3125,-0.125,0.0,0.1875,1,0,0,0,1,0,1,0,0,0,0
61,0.5,1,6.6,0.6,0.2,0.4,0.4,1,0.2,1,1,0.8,0.4,0.6,46.66666666666666,0.4,0.6666666666666666,0.7333333333333333,0.4,0.5333333333333333,0.0,-0.0625,0.25,0.4375,1,0,0,0,1,0,0,0,1,0,0
64,1.0,1,0.0,0.2,0.2,1.0,0.6,1,0.2,1,-1,0.6,0.8,0.4,56.0,0.26666666666666666,0.4666666666666667,0.4666666666666667,0.6,0.3333333333333333,-0.0625,0.0,0.625,0.125,1,0,0,0,0,1,1,0,0,0,0
65,0.5,1,0.6,0.6,0.8,0.6,0.4,1,0.2,1,1,0.8,0.4,0.4,64.66666666666667,0.5333333333333333,0.4666666666666667,0.6,0.4,0.5333333333333333,0.25,-0.1875,0.125,0.375,1,0,0,0,0,1,0,0,1,0,0
66,0.4,1,0.6,0.8,0.4,0.8,0.6,1,0.2,1,1,1.0,0.8,0.4,72.66666666666667,0.4666666666666667,0.5333333333333333,0.7333333333333333,0.5333333333333333,0.6,0.0,-0.0625,0.125,0.125,1,0,0,0,0,1,0,0,1,0,0
67,0.4,1,0.6,0.0,0.4,0.8,0.4,-1,0.2,1,-1,0.8,0.4,0.6,34.666666666666664,0.4,0.5333333333333333,0.4666666666666667,0.6666666666666666,0.6,-0.125,0.1875,-0.75,0.625,1,0,0,0,0,1,0,1,0,0,0
71,0.5,-1,0.8,0.8,0.8,0.2,0.4,1,0.2,1,1,0.8,0.4,0.8,41.333333333333336,0.26666666666666666,0.6,0.6,0.7333333333333333,0.5333333333333333,-0.1875,0.3125,-0.5,0.5,1,0,0,0,0,1,0,1,0,0,0
72,0.5,1,0.6,0.6,0.4,0.6,0.4,1,0.2,1,1,1.0,0.4,0.4,86.66666666666669,0.4,0.4666666666666667,0.5333333333333333,0.5333333333333333,0.5333333333333333,0.4375,0.3125,0.0625,0.4375,1,0,0,0,0,1,0,0,1,0,0
73,0.4,1,0.8,0.6,0.6,0.8,0.4,1,0.2,1,1,0.2,0.4,0.4,81.33333333333333,0.4666666666666667,0.6666666666666666,0.6666666666666666,0.4666666666666667,0.4666666666666667,0.0625,-0.25,0.1875,0.0,1,0,0,0,0,1,0,0,1,0,0
74,0.4,1,0.0,0.6,0.6,0.8,0.4,1,0.2,0,1,0.8,0.6,0.8,62.66666666666666,0.3333333333333333,0.4,0.6,0.5333333333333333,0.4666666666666667,0.0,0.0,0.0,0.375,1,0,0,0,0,1,0,0,1,0,0
75,0.3,1,0.2,0.2,0.4,0.4,0.4,1,0.2,1,1,0.8,0.6,0.8,22.0,0.4,0.8666666666666667,0.5333333333333333,0.7333333333333333,0.6,0.25,-0.375,-0.1875,0.6875,1,0,0,0,0,1,1,0,0,0,0
76,0.4,1,0.2,0.2,0.4,0.4,0.4,1,0.2,1,1,0.6,0.4,0.6,46.66666666666666,0.26666666666666666,0.7333333333333333,0.8,0.4,0.4,0.0,0.0,0.0,0.375,1,0,0,0,0,1,0,0,1,0,0
77,0.4,1,0.6,0.8,0.4,0.6,0.4,1,0.2,1,1,0.6,0.8,0.4,68.66666666666667,0.4,0.8666666666666667,0.5333333333333333,0.7333333333333333,0.6,0.25,-0.375,-0.1875,0.75,1,0,0,0,0,1,1,0,0,0,0
79,0.4,0,0.0,0.8,0.4,0.6,0.4,-1,0.2,1,1,1.0,0.2,0.4,42.0,0.4666666666666667,0.8,0.4666666666666667,0.4666666666666667,0.5333333333333333,0.125,-0.1875,-0.1875,0.0625,1,0,0,0,0,1,1,0,0,0,0
80,0.5,1,0.4,0.4,0.4,0.8,0.4,1,0.2,1,1,1.0,0.2,0.4,36.66666666666666,0.4,0.5333333333333333,0.6666666666666666,0.3333333333333333,0.5333333333333333,0.125,-0.375,0.1875,0.125,1,0,0,0,0,1,0,0,1,0,0
82,0.4,1,0.6,0.4,0.2,0.6,0.4,1,0.2,-1,1,0.6,0.4,0.6,56.66666666666666,0.4,0.4666666666666667,0.5333333333333333,0.5333333333333333,0.5333333333333333,0.0625,-0.375,0.0625,0.0625,1,0,0,0,0,1,0,1,0,0,0
83,0.4,1,0.4,0.6,0.2,0.6,0.4,1,0.2,-1,1,0.6,0.4,0.6,51.33333333333334,0.4,0.4666666666666667,0.5333333333333333,0.5333333333333333,0.6,0.1875,0.0625,-0.1875,0.1875,1,0,0,0,0,1,0,1,0,0,0
84,0.5,1,0.2,0.2,1.0,0.6,0.4,1,0.2,1,1,0.8,0.4,0.4,23.33333333333333,0.4666666666666667,0.5333333333333333,0.8,0.5333333333333333,0.6666666666666666,0.0,0.375,-0.125,0.5,1,0,0,0,0,1,0,0,1,0,0
85,0.5,1,0.0,0.6,0.8,0.6,0.4,1,0.2,1,1,0.8,0.6,0.4,54.0,0.4,0.6,0.7333333333333333,0.4,0.6,0.375,0.0625,-0.0625,-0.0625,1,0,0,0,0,1,0,0,1,0,0
86,0.5,1,0.0,0.8,1.0,0.8,0.4,-1,0.6,1,1,0.8,0.4,0.4,59.33333333333334,0.5333333333333333,0.6666666666666666,0.4666666666666667,0.5333333333333333,0.6666666666666666,0.0625,-0.1875,-0.3125,0.125,1,0,0,0,0,1,0,0,1,0,0
87,0.4,1,0.4,0.6,0.4,0.6,0.4,1,0.2,1,1,0.6,0.6,0.6,59.33333333333334,0.6,0.6,0.8666666666666667,0.5333333333333333,0.5333333333333333,-0.125,-0.3125,-0.6875,0.25,1,0,0,0,0,1,0,1,0,0,0
88,0.3,0,0.2,0.8,0.2,0.6,0.4,1,0.2,1,1,1.0,0.8,0.2,77.33333333333333,0.4666666666666667,0.6666666666666666,0.6666666666666666,0.6,0.6,0.1875,-0.1875,0.25,0.1875,1,0,0,0,0,1,0,0,0,0,1
89,0.4,1,0.0,0.2,0.2,0.8,0.4,-1,0.6,1,1,0.2,0.6,0.2,61.33333333333334,0.26666666666666666,0.5333333333333333,0.5333333333333333,0.5333333333333333,0.6,0.1875,0.0,-0.25,0.1875,1,0,0,0,0,1,0,1,0,0,0
90,0.5,0,0.2,0.6,0.2,0.4,0.6,1,0.2,1,1,1.0,0.2,0.4,77.33333333333333,0.4666666666666667,0.3333333333333333,0.6,0.6,0.4,0.25,-0.375,-0.25,0.0,1,0,0,0,0,1,0,1,0,0,0
91,0.4,1,0.0,0.6,1.0,0.8,0.2,1,0.2,1,1,1.0,0.6,0.6,82.0,0.26666666666666666,0.26666666666666666,0.2,0.4666666666666667,0.4666666666666667,0.125,-0.1875,0.1875,-0.125,1,0,0,0,0,1,0,0,1,0,0
92,0.6,-1,0.0,0.8,0.4,0.6,0.4,-1,0.6,1,1,0.6,0.2,0.4,61.33333333333334,0.4666666666666667,0.8666666666666667,0.6,0.5333333333333333,0.4666666666666667,0.5,0.25,-0.25,0.75,1,0,0,0,0,1,0,0,1,0,0
93,0.5,1,0.8,0.8,0.4,0.2,0.4,1,0.2,1,-1,1.0,0.4,0.6,45.33333333333334,0.4666666666666667,0.5333333333333333,0.8,0.4,0.5333333333333333,0.0,0.0,-0.1875,0.25,1,0,0,0,0,1,0,0,1,0,0
94,0.5,1,0.0,0.6,0.2,0.4,0.4,1,0.2,0,1,0.6,0.6,0.6,52.0,0.4,0.4,0.5333333333333333,0.3333333333333333,0.3333333333333333,0.125,0.0,-0.3125,-0.125,1,0,0,0,0,1,0,0,1,0,0
95,0.4,1,0.0,0.6,1.0,0.8,0.4,1,0.2,1,1,1.0,0.2,0.8,22.0,0.5333333333333333,0.4,0.6,0.4666666666666667,0.4666666666666667,0.125,0.125,-0.25,0.25,1,0,0,0,0,1,0,0,1,0,0
97,0.3,1,0.8,0.6,0.4,0.8,0.4,-1,1.0,1,1,0.2,0.2,0.2,58.66666666666666,0.2,0.4666666666666667,0.5333333333333333,0.4666666666666667,0.4666666666666667,0.125,-0.125,0.25,0.0,1,0,0,0,0,1,0,0,1,0,0
98,0.4,1,0.8,0.8,0.4,0.8,0.6,-1,0.2,1,1,1.0,0.4,0.6,32.8333333333,0.6,0.6666666666666666,0.7333333333333333,0.4,0.7333333333333333,-0.125,-0.1875,-0.125,0.4375,1,0,0,0,1,0,0,0,1,0,0
99,0.4,1,0.0,0.2,0.2,0.2,0.4,1,0.4,-1,1,0.8,0.4,0.2,51.3333333333,0.3333333333333333,0.6,0.6666666666666666,0.4,0.5333333333333333,0.375,0.25,0.0625,0.25,1,0,0,0,1,0,0,0,0,0,1
100,1.0,1,0.6,0.8,0.2,0.6,0.6,1,0.4,1,1,0.8,0.4,0.4,35.0,0.4,0.4,0.8,0.5333333333333333,0.6666666666666666,0.5,0.0625,-0.375,0.1875,1,0,0,0,1,0,0,0,1,0,0
101,0.5,1,0.0,0.0,1.0,0.4,0.6,1,0.2,0,1,1.0,0.6,0.4,41.6666666667,0.4,0.6,0.5333333333333333,0.5333333333333333,0.5333333333333333,0.1875,0.0625,-0.375,0.3125,1,0,0,0,1,0,0,0,1,0,0
102,0.4,1,0.2,0.8,0.2,0.6,0.6,-1,0.2,1,1,0.8,0.6,0.2,72.3333333333,0.3333333333333333,0.6,0.6,0.5333333333333333,0.9333333333333333,-0.125,0.0,-0.0625,0.375,1,0,0,0,1,0,0,0,1,0,0
106,0.4,1,0.2,0.6,0.4,0.8,0.4,-1,0.2,1,1,1.0,0.2,0.6,55.0,0.2,0.6,0.6666666666666666,0.5333333333333333,0.5333333333333333,0.0,0.0,0.0,0.375,1,0,0,0,1,0,1,0,0,0,0
107,0.6,1,0.0,0.0,1.0,0.8,0.4,1,0.2,1,1,0.8,0.8,0.6,28.1666666667,0.4,0.6666666666666666,0.8,0.4666666666666667,0.4666666666666667,-0.3125,-0.1875,-0.125,0.1875,1,0,0,0,1,0,0,0,1,0,0
109,0.4,1,0.2,0.0,1.0,0.8,0.4,1,0.2,1,1,0.8,0.4,0.4,34.8333333333,0.2,0.6,0.7333333333333333,0.5333333333333333,0.5333333333333333,0.25,-0.125,0.3125,0.125,1,0,0,0,1,0,0,0,1,0,0
112,0.6,1,0.4,0.4,1.0,0.6,0.6,1,0.2,1,1,0.8,0.4,0.6,41.0,0.4,0.6666666666666666,0.6666666666666666,0.4,0.4666666666666667,0.0,-0.4375,-0.1875,0.1875,1,0,0,0,1,0,1,0,0,0,0
113,0.5,1,0.0,0.0,0.6,0.6,0.6,1,0.2,1,1,0.8,0.6,0.4,43.8333333333,0.4666666666666667,0.7333333333333333,0.6666666666666666,0.3333333333333333,0.4666666666666667,0.125,0.1875,-0.125,0.4375,1,0,0,0,1,0,0,0,1,0,0
114,0.6,1,0.4,0.6,0.2,0.6,0.4,1,0.2,1,-1,0.4,0.8,0.4,36.5,0.5333333333333333,0.6666666666666666,0.8,0.4,0.3333333333333333,0.1875,-0.25,-0.1875,0.125,1,0,0,0,1,0,1,0,0,0,0
115,0.4,1,0.4,0.0,1.0,0.8,0.6,1,0.4,1,-1,0.6,0.2,0.2,60.1666666667,0.3333333333333333,0.8666666666666667,0.6666666666666666,0.3333333333333333,0.6,0.75,0.25,-0.125,-0.4375,1,0,0,0,1,0,0,0,1,0,0
116,0.4,1,0.0,0.2,1.0,0.6,0.4,-1,0.2,-1,1,0.8,0.4,0.4,53.0,0.6666666666666666,0.8666666666666667,0.8666666666666667,0.4,0.6,-0.25,-0.3125,0.75,0.25,1,0,0,0,1,0,0,0,1,0,0
117,0.4,1,0.0,0.2,0.2,0.6,0.6,-1,0.2,1,1,0.8,0.6,0.4,89.5,0.5333333333333333,0.6666666666666666,0.6666666666666666,0.5333333333333333,0.6666666666666666,-0.3125,-0.1875,0.0,0.3125,1,0,0,0,1,0,0,0,1,0,0
118,0.4,1,0.2,0.6,1.0,0.8,0.4,1,0.4,1,-1,0.6,0.4,0.4,62.6666666667,0.4,0.6666666666666666,0.6666666666666666,0.3333333333333333,0.5333333333333333,0.3125,-0.3125,-0.1875,-0.1875,1,0,0,0,1,0,0,0,1,0,0
119,0.5,1,0.6,0.8,0.4,0.4,0.6,1,0.2,1,-1,0.8,0.2,0.8,61.5,0.5333333333333333,0.3333333333333333,0.3333333333333333,0.5333333333333333,0.3333333333333333,0.0,-0.1875,0.3125,0.0,1,0,0,0,0,1,0,1,0,0,0
120,0.4,1,0.4,0.4,0.2,0.4,0.4,-1,0.2,1,-1,0.6,0.4,0.4,66.5,0.4666666666666667,0.4666666666666667,0.6666666666666666,0.4,0.26666666666666666,-0.125,-0.25,0.3125,0.0625,1,0,0,0,0,1,0,0,0,0,1
121,0.7,-1,0.0,0.2,0.2,0.8,0.6,1,0.2,0,-1,0.6,0.6,0.4,46.5,0.4666666666666667,0.6,0.6,0.4666666666666667,0.4666666666666667,0.3125,-0.25,-0.25,0.0625,1,0,0,0,0,1,0,0,0,1,0
122,0.5,1,0.6,0.6,0.2,0.6,0.6,1,0.2,1,1,0.8,0.4,0.4,48.0,0.3333333333333333,0.4666666666666667,0.5333333333333333,0.4,0.3333333333333333,0.1875,-0.4375,-0.0625,0.875,1,0,0,0,0,1,1,0,0,0,0
123,0.6,1,0.2,0.4,0.2,0.2,0.8,-1,0.2,0,1,0.4,0.6,0.6,25.8333333333,0.4666666666666667,0.8,0.4666666666666667,0.6,0.6,-0.0625,-0.4375,0.0,0.625,1,0,0,0,0,1,0,0,1,0,0
125,0.4,1,0.6,0.4,0.4,0.8,0.4,1,0.2,1,-1,0.8,0.2,0.4,40.8333333333,0.4666666666666667,0.6666666666666666,0.8,0.6,0.4666666666666667,0.375,-0.1875,0.0625,-0.25,1,0,0,0,0,1,0,1,0,0,0
126,0.3,1,0.6,0.4,0.4,0.8,0.4,1,0.2,1,1,0.8,0.2,0.6,33.5,0.5333333333333333,0.6,0.6666666666666666,0.5333333333333333,0.6666666666666666,0.375,-0.4375,-0.125,0.875,1,0,0,0,0,1,0,0,1,0,0
127,0.4,1,0.6,0.4,0.4,0.8,0.4,1,0.2,1,-1,0.8,0.2,0.4,84.3333333333,0.4666666666666667,0.6666666666666666,0.8,0.6,0.4666666666666667,-0.0625,-0.25,0.0,0.3125,1,0,0,0,0,1,0,1,0,0,0
128,0.5,1,0.6,0.8,0.6,0.8,0.6,-1,0.2,1,1,1.0,0.4,0.4,52.1666666667,0.4666666666666667,0.5333333333333333,0.6666666666666666,0.4666666666666667,0.4,0.125,0.0625,0.125,0.125,1,0,0,0,0,1,0,1,0,0,0
129,0.4,1,0.6,0.4,0.4,0.8,0.4,1,0.2,1,1,0.8,0.2,0.4,20.8333333333,0.5333333333333333,0.6,0.6666666666666666,0.5333333333333333,0.6666666666666666,0.3125,-0.4375,-0.0625,0.875,1,0,0,0,0,1,0,0,1,0,0
130,0.4,-1,0.0,0.0,0.2,0.4,0.4,-1,0.2,0,-1,0.2,0.6,0.4,54.6666666667,0.6666666666666666,0.7333333333333333,0.6,0.5333333333333333,0.5333333333333333,0.0,-0.125,0.0625,0.375,1,0,0,0,0,1,1,0,0,0,0
131,0.6,1,0.2,0.4,0.2,0.2,0.8,-1,0.2,0,1,0.4,0.6,0.6,93.5,0.4666666666666667,0.8,0.4666666666666667,0.6,0.6,0.3125,-0.0625,0.25,0.25,1,0,0,0,0,1,0,0,1,0,0
132,0.4,1,0.2,0.6,0.4,0.8,0.4,-1,0.2,1,1,0.6,0.6,0.4,55.8333333333,0.4,0.6,0.7333333333333333,0.4,0.4,0.125,0.125,0.0,0.1875,1,0,0,0,0,1,0,1,0,0,0
134,0.8,1,0.8,0.8,0.2,0.8,0.2,-1,0.2,1,1,0.8,0.4,0.4,61.8333333333,0.3333333333333333,0.26666666666666666,0.4666666666666667,0.4,0.3333333333333333,0.1875,-0.4375,-0.0625,0.875,1,0,0,0,0,1,0,1,0,0,0
135,1.0,0,0.0,0.2,0.6,0.8,0.4,-1,0.2,1,-1,1.0,0.8,0.4,82.5,0.5333333333333333,0.4,0.5333333333333333,0.6666666666666666,0.2,0.0,0.1875,-0.1875,0.4375,1,0,0,0,0,1,0,0,1,0,0
136,0.4,1,0.6,0.4,0.6,0.8,0.6,1,0.2,1,1,0.8,0.4,0.6,90.8333333333,0.4666666666666667,0.4666666666666667,0.6666666666666666,0.4,0.26666666666666666,0.25,0.0625,-0.125,0.1875,1,0,0,0,0,1,1,0,0,0,0
137,0.6,1,0.6,0.6,0.8,0.8,0.4,1,0.2,1,1,0.8,0.4,0.6,47.8333333333,0.2,0.6,0.7333333333333333,0.6,0.4,0.125,0.125,-0.4375,0.125,1,0,0,0,0,1,0,0,1,0,0
138,0.6,-1,0.6,0.6,0.2,0.6,0.6,-1,0.2,1,1,0.8,0.2,0.8,42.5,0.4,0.5333333333333333,0.7333333333333333,0.5333333333333333,0.5333333333333333,0.4375,-0.3125,0.25,0.8125,1,0,0,0,0,1,0,0,1,0,0
139,0.5,1,0.2,0.0,0.6,0.8,0.4,-1,0.2,1,1,0.8,0.6,0.2,52.6666666667,0.26666666666666666,0.4666666666666667,0.7333333333333333,0.8,0.26666666666666666,-0.1875,0.25,-0.0625,0.8125,1,0,0,0,0,1,0,0,1,0,0
140,0.4,1,0.2,0.6,1.0,0.8,0.4,1,0.2,1,1,0.8,0.4,0.6,21.0,0.4666666666666667,0.5333333333333333,0.6666666666666666,0.4666666666666667,0.4,-0.125,0.25,-0.25,0.25,1,0,0,0,0,1,1,0,0,0,0
141,0.4,1,0.0,0.0,1.0,0.4,0.4,1,0.2,1,-1,0.8,0.2,0.6,30.0,0.5333333333333333,0.6666666666666666,0.7333333333333333,0.7333333333333333,0.6666666666666666,0.375,-0.125,-0.25,0.625,1,0,0,0,0,1,1,0,0,0,0
142,0.4,1,0.0,0.0,0.6,0.8,0.6,1,0.2,1,1,0.8,0.6,0.4,32.5,0.5333333333333333,0.4666666666666667,0.7333333333333333,0.4666666666666667,0.4666666666666667,0.125,-0.0625,0.0625,0.3125,1,0,0,0,0,1,0,1,0,0,0
143,0.5,1,0.0,0.0,0.2,0.6,0.6,-1,0.2,0,-1,0.2,0.6,0.2,90.1666666667,0.26666666666666666,0.6666666666666666,0.8,0.3333333333333333,0.4,-0.125,0.125,-0.25,0.125,1,0,0,0,0,1,0,1,0,0,0
144,0.5,1,0.0,0.2,0.2,0.4,0.6,-1,0.2,0,-1,0.6,0.6,0.2,52.6666666667,0.26666666666666666,0.6666666666666666,0.6666666666666666,0.3333333333333333,0.4666666666666667,0.1875,-0.1875,-0.3125,0.0625,1,0,0,0,0,1,0,0,1,0,0
145,0.5,1,0.2,0.0,0.2,0.4,0.4,1,0.2,0,1,0.6,0.2,0.6,59.33333333333334,0.26666666666666666,0.6,0.7333333333333333,0.3333333333333333,0.4666666666666667,0.125,-0.0625,-0.0625,0.0625,1,0,0,0,1,0,1,0,0,0,0
147,0.6,1,0.4,0.4,0.2,0.4,0.2,-1,0.4,1,1,0.6,0.2,0.2,41.333333333333336,0.4,0.4666666666666667,0.6,0.4666666666666667,0.4,0.3125,-0.5625,0.0,0.125,1,0,0,0,1,0,0,0,1,0,0
148,0.4,1,0.8,0.8,0.8,0.6,0.4,1,0.2,1,1,0.8,0.4,0.4,48.66666666666666,0.2,0.3333333333333333,0.5333333333333333,0.4,0.6666666666666666,-0.0625,0.25,-0.3125,0.0,1,0,0,0,1,0,1,0,0,0,0
149,0.6,1,0.6,0.8,0.4,0.4,0.6,1,0.4,1,1,2.8,0.6,0.6,76.66666666666667,0.26666666666666666,0.5333333333333333,0.4666666666666667,0.4666666666666667,0.5333333333333333,0.5,-0.25,0.625,0.375,1,0,0,0,1,0,0,0,1,0,0
154,0.5,1,0.4,0.6,0.4,0.8,0.6,1,0.4,1,1,0.8,0.2,0.4,78.0,0.2,0.7333333333333333,0.5333333333333333,0.2,0.26666666666666666,-0.125,-0.1875,0.0625,0.0,1,0,0,0,1,0,1,0,0,0,0
155,0.4,1,0.0,0.4,0.6,0.8,0.6,1,0.2,1,1,0.8,0.4,0.6,57.33333333333334,0.2,0.6666666666666666,1.0,0.26666666666666666,0.5333333333333333,0.25,-0.125,-0.0625,0.1875,1,0,0,0,1,0,0,0,1,0,0
156,0.5,1,0.6,0.6,0.2,0.8,0.4,1,0.2,1,1,1.0,0.2,0.6,30.0,0.3333333333333333,0.6,0.6666666666666666,0.4,0.4,0.5,0.625,0.0,0.25,1,0,0,0,1,0,0,0,1,0,0
157,0.4,1,0.8,0.6,1.0,0.6,0.4,1,0.2,1,1,0.4,0.6,0.4,19.33333333333333,0.4,0.6,0.6666666666666666,0.4,0.4,0.125,-0.25,-0.3125,0.0625,1,0,0,0,0,1,1,0,0,0,0
158,0.7,1,0.6,0.6,1.0,0.8,0.2,1,0.2,1,1,0.8,0.6,0.6,46.0,0.3333333333333333,0.5333333333333333,0.8,0.3333333333333333,0.6666666666666666,0.0625,-0.25,0.1875,0.0625,1,0,0,0,0,1,0,0,1,0,0
159,0.4,1,0.0,0.6,1.0,0.8,0.4,1,0.2,1,1,1.0,0.8,0.6,56.66666666666666,0.26666666666666666,0.8,0.6666666666666666,0.5333333333333333,0.5333333333333333,0.25,0.5,0.1875,0.5625,1,0,0,0,0,1,0,0,1,0,0
160,0.7,1,0.6,0.2,0.4,0.8,0.4,1,0.2,1,-1,0.8,0.4,0.6,59.33333333333334,0.2,0.7333333333333333,0.5333333333333333,0.4666666666666667,0.5333333333333333,-0.125,-0.25,0.0,0.4375,1,0,0,0,0,1,0,0,1,0,0
161,0.4,1,0.2,0.2,0.2,0.4,0.6,-1,0.2,1,1,0.8,0.6,0.4,76.66666666666667,0.4,0.6,0.8,0.5333333333333333,0.4666666666666667,-0.1875,-0.25,0.375,0.375,1,0,0,0,0,1,1,0,0,0,0
162,0.4,1,0.0,0.2,0.4,0.8,0.6,-1,0.2,1,1,0.2,0.6,0.4,62.0,0.6,0.3333333333333333,0.4666666666666667,0.4,0.6,0.125,-0.0625,0.125,-0.0625,1,0,0,0,0,1,0,0,1,0,0
163,0.3,1,0.2,0.8,0.4,0.6,0.4,-1,0.2,1,-1,0.2,0.6,0.6,77.33333333333333,0.4666666666666667,0.7333333333333333,0.6666666666666666,0.5333333333333333,0.5333333333333333,0.0,0.0,0.25,0.25,1,0,0,0,0,1,0,0,1,0,0
164,0.5,1,0.6,0.8,0.4,0.8,0.4,1,0.2,1,1,1.0,0.6,0.4,80.0,0.26666666666666666,0.7333333333333333,0.6666666666666666,0.5333333333333333,0.5333333333333333,0.125,0.0625,0.0,0.4375,1,0,0,0,0,1,0,0,1,0,0
166,0.5,1,0.8,0.6,1.0,0.6,0.4,1,0.2,1,1,0.4,0.2,0.6,80.0,0.4,0.6,0.5333333333333333,0.4666666666666667,0.4,0.0625,-0.125,0.0,0.0625,1,0,0,0,0,1,1,0,0,0,0
168,0.4,1,0.6,0.6,0.4,0.8,0.4,-1,0.4,1,1,0.8,0.6,0.2,94.66666666666669,0.3333333333333333,0.4,0.4,0.4666666666666667,0.3333333333333333,0.4375,-0.3125,-0.0625,0.25,1,0,0,0,0,1,0,0,1,0,0
171,0.5,1,0.2,0.4,0.6,0.4,0.4,-1,0.2,-1,1,0.6,0.6,0.6,41.333333333333336,0.7333333333333333,0.6666666666666666,0.4666666666666667,0.4,0.8,0.0,-0.4375,0.0,0.3125,1,0,0,0,0,1,0,0,1,0,0
175,1.0,1,0.0,0.4,0.4,0.4,0.6,1,0.4,1,1,0.8,0.4,0.4,68.0,0.5333333333333333,0.7333333333333333,0.6666666666666666,0.4,0.4666666666666667,0.25,-0.25,0.4375,-0.0625,1,0,0,0,0,1,1,0,0,0,0
176,0.5,1,0.4,0.4,0.4,0.8,0.6,1,0.2,1,1,0.6,0.6,0.4,86.0,0.26666666666666666,0.6666666666666666,0.6666666666666666,0.3333333333333333,0.4666666666666667,0.3125,-0.1875,0.0625,-0.125,1,0,0,0,0,1,0,0,1,0,0
178,0.5,1,0.6,0.8,0.4,0.6,0.4,1,0.2,1,-1,0.8,0.4,0.4,53.33333333333334,0.4,0.4666666666666667,0.8,0.4,0.6,0.375,-0.1875,-0.25,0.125,1,0,0,0,0,1,1,0,0,0,0
179,0.4,1,0.2,0.4,0.2,0.6,0.4,1,0.2,1,1,1.0,0.6,0.4,89.33333333333331,0.26666666666666666,0.5333333333333333,0.5333333333333333,0.4,0.6,0.3125,-0.4375,-0.3125,0.125,1,0,0,0,0,1,1,0,0,0,0
180,0.5,-1,0.2,0.4,0.2,0.8,0.2,1,0.6,1,-1,0.8,0.6,0.2,59.33333333333334,0.7333333333333333,0.3333333333333333,0.6666666666666666,0.5333333333333333,0.5333333333333333,0.0,0.125,-0.0625,0.3125,1,0,0,0,0,1,0,1,0,0,0
181,0.6,-1,0.2,0.4,0.2,0.8,0.4,1,0.2,1,-1,0.6,0.4,0.4,63.33333333333334,0.5333333333333333,0.4666666666666667,0.8,0.4666666666666667,0.6,-0.0625,-0.375,0.0,-0.0625,1,0,0,0,0,1,1,0,0,0,0
183,0.5,-1,0.6,0.6,1.0,0.8,0.2,1,0.2,-1,1,0.8,0.6,0.6,43.33333333333334,0.4,0.8,0.6666666666666666,0.4666666666666667,0.6666666666666666,0.0625,-0.0625,-0.1875,0.3125,1,0,0,0,0,1,0,0,1,0,0
191,0.5,1,0.2,0.4,0.2,0.4,0.4,1,0.2,1,1,0.4,0.6,0.4,13.333333333333336,0.4,0.4666666666666667,0.6666666666666666,0.4666666666666667,0.4,0.4375,-0.5,0.1875,0.25,1,0,0,0,0,1,0,0,1,0,0
193,0.3,1,0.2,0.6,0.4,0.4,0.4,-1,0.2,1,1,0.8,0.2,0.2,59.3333333333,0.2,0.6666666666666666,0.6666666666666666,0.26666666666666666,0.4,0.0,0.125,0.0625,0.5,1,0,0,0,0,1,0,0,1,0,0
194,0.4,1,0.0,0.6,1.0,0.6,0.4,1,0.2,1,-1,0.6,0.6,0.4,40.3333333333,0.3333333333333333,0.5333333333333333,0.6666666666666666,0.4,0.4666666666666667,0.4375,0.5,0.0625,0.5625,1,0,0,0,0,1,0,0,1,0,0
197,0.6,1,0.8,0.8,1.0,0.4,0.4,-1,0.2,1,1,0.6,0.2,0.2,40.6666666667,0.2,0.5333333333333333,0.8,0.4,0.5333333333333333,0.125,-0.3125,-0.0625,0.125,1,0,0,0,0,1,0,0,1,0,0
205,0.4,-1,0.0,0.0,0.2,0.2,0.4,1,0.2,1,-1,0.8,0.6,0.4,23.8333333333,0.4666666666666667,0.4,0.7333333333333333,0.4,0.4,-0.1875,-0.1875,-0.1875,0.0625,1,0,0,0,0,1,0,0,0,0,1
206,0.5,1,0.0,0.6,1.0,0.4,0.4,1,0.2,1,1,0.8,0.2,0.6,51.1666666667,0.4666666666666667,0.7333333333333333,1.0,0.5333333333333333,0.3333333333333333,0.0,0.25,0.4375,-0.25,1,0,0,0,0,1,0,0,1,0,0
208,0.6,1,0.6,0.8,0.2,0.4,0.4,1,0.6,1,1,0.8,0.2,0.2,41.5,0.2,0.6666666666666666,0.9333333333333333,0.5333333333333333,0.5333333333333333,-0.1875,0.0625,-0.0625,0.3125,1,0,0,0,0,1,0,0,1,0,0
209,0.6,1,0.6,0.6,0.4,0.4,0.6,1,0.4,1,1,1.0,0.4,0.4,33.6666666667,0.4666666666666667,0.6666666666666666,0.6,0.5333333333333333,0.4666666666666667,0.0,-0.0625,0.125,0.5,1,0,0,0,0,1,0,0,1,0,0
210,0.4,1,0.6,0.0,0.2,0.8,0.6,1,0.4,1,1,0.2,0.6,0.4,68.1666666667,0.26666666666666666,0.6,0.6666666666666666,0.4,0.3333333333333333,0.1875,0.5625,0.25,-0.3125,1,0,0,0,0,1,1,0,0,0,0
211,0.8,1,0.6,0.6,0.4,0.2,0.4,1,0.2,1,1,1.0,0.2,0.4,76.0,0.3333333333333333,0.3333333333333333,0.4666666666666667,0.4,0.4666666666666667,0.0,0.0,0.0,0.375,1,0,0,0,1,0,0,0,1,0,0
212,0.4,1,0.0,0.0,1.0,0.8,0.4,1,0.2,1,1,0.8,0.2,0.4,24.3333333333,0.3333333333333333,0.6666666666666666,0.8,0.5333333333333333,0.4666666666666667,0.25,0.0625,0.0,0.5625,1,0,0,0,0,1,0,0,1,0,0
214,0.4,1,0.0,0.4,0.2,0.4,0.4,1,0.2,0,-1,0.8,0.2,0.4,65.3333333333,0.3333333333333333,0.6666666666666666,0.7333333333333333,0.2,0.4666666666666667,0.0625,0.25,0.375,0.0,1,0,0,0,0,1,0,0,1,0,0
215,0.5,-1,0.2,0.4,1.0,0.8,0.4,1,0.2,1,1,0.6,0.2,0.4,36.1666666667,0.2,0.4666666666666667,0.8666666666666667,0.5333333333333333,0.4666666666666667,0.1875,-0.3125,-0.125,0.0625,1,0,0,0,0,1,0,0,0,1,0
223,0.5,1,0.8,0.0,1.0,0.8,0.6,1,0.2,1,1,1.0,0.6,0.6,42.8333333333,0.4,0.7333333333333333,0.6666666666666666,0.4,0.4666666666666667,-0.3125,0.125,0.0,-0.0625,1,0,0,0,0,1,0,0,1,0,0
226,0.8,-1,0.2,0.4,1.0,0.4,0.4,-1,0.2,1,1,0.2,0.2,0.4,26.5,0.4,0.8,0.8666666666666667,0.26666666666666666,0.4,-0.25,-0.125,0.1875,0.3125,1,0,0,0,0,1,0,1,0,0,0
227,0.6,1,0.4,0.6,0.4,0.8,0.4,1,0.2,1,1,0.6,0.2,0.6,0.0,0.2,0.6666666666666666,0.5333333333333333,0.4,0.4,0.0,0.0,0.0,0.375,1,0,0,0,1,0,0,0,1,0,0
228,0.4,1,0.0,0.4,0.2,0.8,0.6,1,0.6,1,1,1.0,0.6,0.4,81.8333333333,0.4,0.5333333333333333,0.6666666666666666,0.4,0.5333333333333333,0.0625,-0.125,0.0625,-0.0625,1,0,0,0,0,1,0,0,1,0,0
230,0.4,1,0.4,0.6,0.2,0.8,0.6,1,0.2,1,1,0.8,0.2,0.4,47.0,0.3333333333333333,0.6666666666666666,0.6666666666666666,0.3333333333333333,0.4666666666666667,0.0625,-0.125,0.0625,-0.0625,1,0,0,0,0,1,0,1,0,0,0
231,0.3,1,0.6,0.6,0.4,0.6,0.6,-1,0.6,1,1,0.2,0.2,0.6,70.0,0.26666666666666666,0.4666666666666667,0.6,0.26666666666666666,0.4,-0.25,-0.0625,-0.4375,0.75,1,0,0,0,0,1,0,1,0,0,0
235,0.5,1,0.8,0.0,1.0,0.8,0.4,1,0.2,1,1,1.0,0.2,0.2,72.6666666667,0.2,0.6,0.7333333333333333,0.26666666666666666,0.4,-0.3125,0.125,0.0,-0.1875,1,0,0,0,0,1,0,0,1,0,0
236,0.6,1,0.2,0.4,1.0,0.4,0.4,1,0.2,1,1,0.6,0.2,0.4,62.5,0.2,0.5333333333333333,0.4666666666666667,0.5333333333333333,0.4666666666666667,0.5,-0.0625,-0.125,-0.0625,1,0,0,0,0,1,0,0,0,1,0
239,0.4,1,0.4,0.6,0.2,0.8,0.6,1,0.2,1,1,0.8,0.2,0.4,50.8333333333,0.4,0.5333333333333333,0.6666666666666666,0.4,0.6,0.125,0.25,-0.1875,0.0,1,0,0,0,0,1,0,0,1,0,0
241,0.6,1,0.0,0.6,1.0,0.8,0.4,-1,0.2,1,1,0.2,0.4,0.4,36.0,0.4666666666666667,0.6,0.4666666666666667,0.4666666666666667,0.5333333333333333,0.5,-0.25,0.1875,0.1875,0,1,0,0,1,0,0,0,1,0,0
242,0.7,1,0.2,0.0,1.0,0.8,0.4,-1,0.2,1,1,0.2,0.6,0.4,38.8333333333,0.4666666666666667,0.6,0.6,0.3333333333333333,0.3333333333333333,0.0,-0.125,0.125,0.1875,0,1,0,0,1,0,0,1,0,0,0
243,0.4,1,0.6,0.6,0.8,0.4,0.4,1,0.4,1,1,0.6,0.6,0.4,58.1666666667,0.3333333333333333,0.7333333333333333,0.6666666666666666,0.4,0.6,-0.125,0.1875,-0.125,0.375,0,1,0,0,1,0,0,0,1,0,0
245,0.4,1,0.6,0.6,1.0,0.6,0.6,1,0.2,1,1,0.6,0.6,0.6,43.3333333333,0.3333333333333333,0.6666666666666666,0.5333333333333333,0.4,0.6,0.375,-0.125,-0.1875,0.1875,0,1,0,0,1,0,0,0,1,0,0
246,0.4,1,0.0,0.6,0.8,0.6,0.4,1,0.2,1,1,0.6,0.8,0.6,67.3333333333,0.3333333333333333,0.4666666666666667,0.6,0.4666666666666667,0.26666666666666666,0.1875,0.0625,0.0,0.1875,0,1,0,0,1,0,0,1,0,0,0
247,0.5,1,0.2,0.2,1.0,0.8,0.4,-1,0.2,1,1,0.2,0.6,0.4,58.0,0.4666666666666667,0.6666666666666666,0.5333333333333333,0.4,0.3333333333333333,0.375,-0.25,0.0,0.3125,0,1,0,0,1,0,1,0,0,0,0
250,1.0,1,0.0,0.8,0.8,0.6,0.6,1,0.2,1,-1,0.8,0.2,0.4,67.3333333333,0.3333333333333333,0.4,0.3333333333333333,0.2,0.3333333333333333,0.0,-0.875,0.5,0.125,0,1,0,0,0,1,1,0,0,0,0
253,0.6,-1,0.6,0.8,0.6,0.4,0.6,1,0.2,1,1,1.0,0.2,0.4,54.5,0.26666666666666666,0.2,0.7333333333333333,0.4666666666666667,0.3333333333333333,-0.375,-0.625,0.25,-0.375,0,1,0,0,0,1,0,1,0,0,0
256,0.4,1,0.2,0.6,0.2,0.6,0.6,1,0.2,1,-1,0.6,0.6,0.4,49.0,0.4,0.5333333333333333,0.5333333333333333,0.4,0.6666666666666666,0.0625,0.125,0.0625,0.3125,0,1,0,0,0,1,1,0,0,0,0
260,0.4,1,0.0,0.4,0.2,0.4,0.4,1,0.2,1,1,1.0,0.2,0.2,46.6666666667,0.3333333333333333,0.2,0.8,0.4666666666666667,0.2,0.125,0.4375,-0.125,0.625,0,1,0,0,0,1,0,0,1,0,0
263,0.4,1,0.2,0.6,0.4,0.4,0.4,-1,0.2,1,-1,0.2,0.2,0.4,67.6666666667,0.5333333333333333,0.4,0.5333333333333333,0.6666666666666666,0.7333333333333333,-0.375,-0.3125,0.125,0.3125,0,1,0,0,0,1,0,0,1,0,0
268,0.5,1,0.2,0.6,0.4,0.4,0.6,1,0.4,1,-1,0.6,0.4,0.4,45.1666666667,0.26666666666666666,0.6666666666666666,0.6666666666666666,0.3333333333333333,0.4,0.0625,0.125,0.1875,0.125,0,1,0,0,0,1,1,0,0,0,0
269,0.4,1,0.2,0.8,0.8,0.8,0.6,1,0.2,1,1,0.6,0.2,0.2,63.3333333333,0.3333333333333333,0.26666666666666666,0.6,0.4,0.4666666666666667,0.0,0.25,-0.0625,0.25,0,1,0,0,0,1,0,0,1,0,0
274,0.3,1,0.6,0.8,1.0,0.8,0.4,1,0.2,1,-1,0.8,0.4,0.6,55.5,0.4666666666666667,0.5333333333333333,0.5333333333333333,0.26666666666666666,0.6,-0.4375,0.125,0.0,-0.4375,0,1,0,0,0,1,0,0,1,0,0
275,1.0,1,0.4,0.8,0.2,0.6,0.4,1,0.2,1,1,0.6,0.2,0.2,49.5,0.2,0.7333333333333333,0.7333333333333333,0.4,0.26666666666666666,0.25,-0.1875,-0.125,0.0625,0,1,0,0,0,1,1,0,0,0,0
276,0.5,1,0.6,0.6,1.0,0.4,0.6,-1,0.2,1,-1,0.2,0.2,0.4,67.5,0.4,0.5333333333333333,0.5333333333333333,0.4,0.6,-0.0625,-0.25,0.1875,-0.0625,0,1,0,0,0,1,0,0,1,0,0
277,0.5,1,0.6,0.8,0.6,0.8,0.4,1,0.2,1,-1,0.4,0.6,0.4,59.6666666667,0.5333333333333333,0.5333333333333333,0.8666666666666667,0.6,0.6,-0.4375,-0.375,-0.0625,0.1875,0,1,0,0,0,1,0,0,1,0,0
278,1.0,1,0.0,0.8,0.8,0.6,0.4,1,0.2,1,1,0.8,0.2,0.4,66.1666666667,0.3333333333333333,0.6,0.4666666666666667,0.4,0.4,-0.4375,-0.0625,0.375,0.0625,0,1,0,0,0,1,0,0,1,0,0
283,0.3,1,0.4,0.6,0.2,0.8,0.4,1,0.2,1,-1,0.6,0.2,0.4,26.6666666667,0.2,0.8666666666666667,0.6,0.5333333333333333,0.26666666666666666,0.0,0.0,-0.25,0.125,0,1,0,0,0,1,0,1,0,0,0
285,1.0,1,0.4,0.6,0.2,0.4,0.4,1,0.2,1,1,0.6,0.2,0.2,75.8333333333,0.2,0.5333333333333333,0.6666666666666666,0.2,0.2,0.0625,-0.125,0.0,-0.125,0,1,0,0,0,1,0,0,1,0,0
287,0.4,1,0.6,0.8,0.8,0.8,0.6,-1,0.2,1,1,1.0,0.6,0.2,84.66666666666667,0.3333333333333333,0.9333333333333333,0.6666666666666666,0.2,0.6666666666666666,0.0625,-0.375,-0.3125,0.0,0,1,0,0,1,0,0,0,1,0,0
289,0.4,1,0.8,0.8,0.4,0.4,0.4,-1,0.6,1,1,0.8,0.8,0.4,36.0,0.3333333333333333,0.7333333333333333,0.6666666666666666,0.4666666666666667,0.3333333333333333,-0.125,0.0,0.125,-0.125,0,1,0,0,1,0,0,0,1,0,0
292,0.6,1,0.6,0.6,0.4,0.4,0.6,-1,0.2,1,1,0.4,0.4,0.4,78.0,0.5333333333333333,0.7333333333333333,0.6,0.3333333333333333,0.4666666666666667,0.0625,-0.0625,0.125,0.0625,0,1,0,0,1,0,0,0,1,0,0
293,0.5,1,0.8,0.8,0.6,0.8,0.4,1,0.2,1,1,1.0,0.4,0.2,82.66666666666667,0.26666666666666666,0.9333333333333333,0.6666666666666666,0.6,0.5333333333333333,0.375,0.375,0.1875,0.0,0,1,0,0,1,0,0,0,1,0,0
298,0.6,-1,0.6,0.8,0.4,0.6,0.4,1,0.2,1,1,0.6,0.4,0.4,60.66666666666666,0.26666666666666666,0.6666666666666666,0.4666666666666667,0.3333333333333333,0.6666666666666666,-0.0625,-0.125,0.375,0.0,0,1,0,0,0,1,0,0,1,0,0
299,0.3,1,0.6,0.8,0.6,0.6,0.4,1,0.2,1,1,0.8,0.4,0.4,74.0,0.3333333333333333,0.5333333333333333,0.4666666666666667,0.5333333333333333,0.5333333333333333,0.0625,0.1875,0.0625,0.25,0,1,0,0,0,1,0,0,1,0,0
300,0.4,1,0.6,0.8,0.4,0.8,0.4,1,0.2,1,1,0.6,0.8,0.4,59.33333333333334,0.4,0.6666666666666666,0.6,0.4666666666666667,0.4666666666666667,-0.125,-0.1875,-0.0625,0.0625,0,1,0,0,0,1,0,0,1,0,0
301,1.0,1,0.2,0.6,0.2,0.8,0.4,1,0.2,1,-1,0.6,0.6,0.4,51.33333333333334,0.5333333333333333,0.6,0.6666666666666666,0.4666666666666667,0.5333333333333333,0.0625,-0.125,0.125,0.25,0,1,0,0,0,1,0,1,0,0,0
304,0.7,1,0.0,0.4,0.4,0.8,0.4,1,0.2,1,1,1.0,0.6,0.4,82.66666666666667,0.26666666666666666,0.5333333333333333,0.8,0.3333333333333333,0.4666666666666667,0.125,-0.1875,0.125,0.0625,0,1,0,0,0,1,0,0,1,0,0
305,0.4,1,0.6,0.6,0.4,0.8,0.4,1,0.2,-1,1,0.6,0.6,0.2,38.66666666666666,0.5333333333333333,0.5333333333333333,0.7333333333333333,0.4666666666666667,0.6666666666666666,-0.375,-0.0625,0.0,-0.1875,0,1,0,0,0,1,0,1,0,0,0
306,0.4,1,0.0,0.0,1.0,0.8,0.6,1,0.2,1,1,0.8,0.6,0.4,64.0,0.3333333333333333,0.6,0.7333333333333333,0.4,0.6,0.625,-0.1875,0.0,0.25,0,1,0,0,0,1,0,0,1,0,0
307,0.5,1,0.0,0.6,1.0,0.6,0.6,1,0.2,1,1,0.6,0.2,1.0,44.66666666666666,0.5333333333333333,0.4666666666666667,0.7333333333333333,0.4,0.4666666666666667,0.0625,0.5,-0.125,0.375,0,1,0,0,0,1,0,0,1,0,0
308,0.6,1,0.0,0.6,0.2,0.8,0.6,1,0.2,1,1,0.2,0.8,0.4,26.66666666666667,0.4666666666666667,0.4666666666666667,0.7333333333333333,0.2,0.3333333333333333,0.3125,0.0,0.0,0.0,0,1,0,0,0,1,0,1,0,0,0
309,0.7,1,0.0,0.6,1.0,0.4,0.6,1,0.2,1,1,0.8,0.6,0.4,71.33333333333333,0.5333333333333333,0.3333333333333333,0.8,0.5333333333333333,0.4,0.1875,0.5625,0.125,0.375,0,1,0,0,0,1,0,1,0,0,0
312,0.6,1,0.4,0.0,0.2,0.2,0.4,-1,0.2,0,-1,0.8,0.2,0.2,40.66666666666666,0.6,0.4666666666666667,0.7333333333333333,0.2,0.3333333333333333,0.375,-0.1875,-0.5,0.0625,0,1,0,0,0,1,0,0,0,0,1
314,0.5,1,0.6,0.8,0.4,0.6,0.6,1,0.4,1,1,0.4,0.2,0.6,41.333333333333336,0.2,0.4666666666666667,0.8666666666666667,0.26666666666666666,0.4666666666666667,-0.1875,0.0625,0.1875,0.0,0,1,0,0,0,1,0,0,1,0,0
316,0.7,1,0.0,0.6,1.0,0.8,0.6,1,0.2,1,1,0.6,1.0,0.2,37.333333333333336,0.4,0.6,0.7333333333333333,0.4,0.5333333333333333,0.0625,-0.3125,0.125,0.0,0,1,0,0,0,1,1,0,0,0,0
318,0.7,1,0.0,0.0,0.2,0.8,0.4,1,0.2,1,1,0.6,0.6,0.4,29.33333333333333,0.5333333333333333,0.5333333333333333,0.8666666666666667,0.5333333333333333,0.4666666666666667,0.1875,0.0625,0.125,0.1875,0,1,0,0,0,1,0,1,0,0,0
319,0.8,1,0.2,0.2,0.2,0.4,0.4,1,0.2,0,1,0.8,0.6,0.4,54.0,0.4666666666666667,0.6,0.7333333333333333,0.3333333333333333,0.4666666666666667,0.125,0.1875,0.0,-0.125,0,1,0,0,0,1,0,0,1,0,0
320,0.4,1,0.8,0.8,1.0,0.6,0.4,1,0.2,1,1,1.0,0.4,0.4,50.0,0.6666666666666666,0.8,0.6666666666666666,0.26666666666666666,0.5333333333333333,-0.1875,0.375,-0.125,0.5,0,1,0,0,0,1,0,1,0,0,0
322,0.7,1,0.6,0.6,1.0,0.8,0.6,1,0.2,1,1,0.8,0.2,0.6,48.66666666666666,0.26666666666666666,0.5333333333333333,0.7333333333333333,0.4666666666666667,0.5333333333333333,-0.25,-0.0625,-0.25,-0.0625,0,1,0,0,0,1,1,0,0,0,0
325,1.0,1,0.2,0.0,0.4,0.6,0.6,1,0.2,1,1,1.0,0.4,0.4,67.33333333333333,0.6,0.6666666666666666,0.7333333333333333,0.6,0.6,0.0,-0.1875,-0.0625,0.375,0,1,0,0,0,1,0,0,1,0,0
326,0.4,1,0.6,0.8,0.4,0.8,0.4,1,1.0,1,1,0.8,0.6,0.2,66.0,0.2,0.7333333333333333,0.7333333333333333,0.4666666666666667,0.4,0.1875,0.3125,-0.5625,0.0625,0,1,0,0,0,1,0,0,1,0,0
327,0.5,1,0.8,0.8,0.8,0.8,0.4,1,0.2,1,1,0.8,0.4,0.2,52.66666666666666,0.2,0.8,0.8666666666666667,0.3333333333333333,0.4,0.0,-0.0625,0.0,0.3125,0,1,0,0,1,0,0,1,0,0,0
329,1.0,-1,0.2,0.6,1.0,0.8,0.4,1,0.2,1,1,0.8,0.4,0.4,70.0,0.4666666666666667,0.5333333333333333,0.7333333333333333,0.4,0.4,-0.125,0.0625,-0.0625,0.5,0,1,0,0,1,0,0,1,0,0,0
331,1.0,1,0.4,0.6,1.0,0.6,0.4,1,0.2,1,1,0.8,0.4,0.4,74.0,0.3333333333333333,0.6666666666666666,0.5333333333333333,0.5333333333333333,0.26666666666666666,0.5,-0.1875,-0.0625,-0.1875,0,1,0,0,1,0,0,0,1,0,0
335,0.4,1,0.6,0.6,0.4,0.8,0.6,-1,0.2,1,1,0.2,0.2,0.4,68.0,0.2,0.5333333333333333,0.5333333333333333,0.4666666666666667,0.5333333333333333,0.1875,0.0,-0.25,-0.375,0,1,0,0,1,0,0,0,1,0,0
337,0.5,1,0.4,0.6,1.0,0.8,0.6,-1,0.2,1,1,0.2,0.4,0.2,80.0,0.4,0.5333333333333333,0.7333333333333333,0.4666666666666667,0.4666666666666667,0.0,0.0,0.0,0.375,0,1,0,0,1,0,0,0,1,0,0
338,0.5,1,0.6,0.8,0.4,0.8,0.6,1,0.2,1,1,0.8,0.4,0.6,62.66666666666666,0.3333333333333333,0.4,0.6,0.4,0.4666666666666667,0.25,-0.0625,-0.3125,-0.125,0,1,0,0,1,0,1,0,0,0,0
340,0.3,1,0.8,0.2,0.2,0.6,0.4,1,0.2,1,1,0.8,0.2,0.4,75.33333333333333,0.5333333333333333,0.3333333333333333,0.4,0.6666666666666666,0.5333333333333333,0.1875,-0.0625,-0.25,-0.0625,0,1,0,0,0,1,0,0,1,0,0
341,0.3,1,0.2,0.6,0.2,0.8,0.6,1,0.2,1,-1,0.6,0.6,0.6,56.66666666666666,0.4,0.6,0.4,0.5333333333333333,0.5333333333333333,-0.3125,0.0625,0.375,-0.125,0,1,0,0,0,1,0,1,0,0,0
342,0.6,1,0.0,0.8,0.8,0.6,0.4,1,0.4,1,1,0.8,0.4,0.6,67.33333333333333,0.26666666666666666,0.6666666666666666,0.4,0.5333333333333333,0.4666666666666667,-0.3125,-0.375,0.25,0.3125,0,1,0,0,0,1,0,0,1,0,0
344,0.4,1,0.6,0.6,0.6,0.8,0.4,-1,0.2,1,1,0.4,0.4,0.6,76.0,0.2,0.6666666666666666,0.8,0.4,0.6,0.0,0.0,0.625,0.3125,0,1,0,0,0,1,1,0,0,0,0
347,0.3,1,0.4,0.0,0.2,0.8,0.4,1,0.2,1,1,0.8,0.2,0.2,83.33333333333333,0.5333333333333333,0.5333333333333333,0.3333333333333333,0.5333333333333333,0.4666666666666667,-0.375,-0.3125,0.125,0.0,0,1,0,0,0,1,0,1,0,0,0
350,0.5,1,0.4,0.8,0.2,0.6,0.4,-1,0.2,1,1,0.6,0.2,0.2,50.66666666666666,0.4,0.2,0.6666666666666666,0.6,0.3333333333333333,-0.375,-0.3125,-0.3125,-0.0625,0,1,0,0,0,1,0,1,0,0,0
351,0.4,1,0.6,0.6,0.2,0.8,0.4,1,0.2,-1,1,0.6,0.4,0.4,48.66666666666666,0.6666666666666666,0.6666666666666666,0.6666666666666666,0.5333333333333333,0.6666666666666666,0.0625,-0.1875,-0.0625,0.25,0,1,0,0,0,1,0,1,0,0,0
354,0.3,1,0.4,0.8,0.2,0.4,0.4,-1,0.2,1,1,0.4,0.2,0.2,50.0,0.2,0.7333333333333333,0.8666666666666667,0.5333333333333333,0.26666666666666666,0.0625,-0.125,-0.25,0.375,0,1,0,0,0,1,0,1,0,0,0
355,0.6,1,0.8,0.8,0.8,0.6,0.6,-1,0.4,1,1,0.8,0.2,0.4,75.33333333333333,0.5333333333333333,0.3333333333333333,0.4,0.5333333333333333,0.4,0.125,-0.25,-0.0625,0.125,0,1,0,0,0,1,0,0,1,0,0
356,0.5,1,0.0,0.4,0.4,0.6,0.6,1,0.6,1,1,0.6,0.2,0.2,60.0,0.2,0.5333333333333333,0.8,0.6,0.4666666666666667,-0.0625,-0.125,-0.1875,0.125,0,1,0,0,0,1,0,0,0,1,0
357,1.0,1,0.6,0.6,0.2,0.6,0.6,1,0.2,1,1,0.6,0.8,0.4,73.33333333333333,0.2,0.5333333333333333,0.5333333333333333,0.4666666666666667,0.5333333333333333,0.125,0.125,-0.125,0.1875,0,1,0,0,0,1,0,0,1,0,0
359,0.5,1,0.0,0.8,0.8,0.6,0.6,1,0.4,1,1,0.6,0.8,0.8,81.33333333333333,0.26666666666666666,0.8,0.5333333333333333,0.8666666666666667,0.26666666666666666,0.125,0.25,0.3125,0.0625,0,1,0,0,0,1,0,1,0,0,0
360,0.4,1,0.2,0.6,0.4,0.8,0.4,1,0.2,1,1,0.8,0.4,0.4,44.66666666666666,0.4666666666666667,0.6,0.7333333333333333,0.4666666666666667,0.6666666666666666,-0.1875,0.25,0.375,0.1875,0,1,0,0,0,1,0,0,1,0,0
361,0.4,1,0.6,0.8,0.6,0.4,0.6,1,0.4,1,1,0.6,0.6,0.2,40.66666666666666,0.2,0.4666666666666667,0.4,0.7333333333333333,0.4666666666666667,0.125,-0.3125,0.0625,0.375,0,1,0,0,0,1,0,0,0,1,0
374,0.4,1,0.8,0.6,1.0,0.8,0.4,1,0.4,1,1,0.6,0.6,0.4,80.66666666666667,0.5333333333333333,0.6,0.7333333333333333,0.6,0.5333333333333333,0.3125,-0.4375,0.4375,0.125,0,1,0,0,1,0,0,0,1,0,0
377,0.3,1,0.4,0.0,0.2,0.4,0.6,1,0.2,1,1,0.4,0.8,0.4,68.0,0.3333333333333333,0.4,0.7333333333333333,0.4666666666666667,0.4666666666666667,0.125,-0.0625,0.125,-0.0625,0,1,0,0,1,0,1,0,0,0,0
378,0.5,1,0.0,0.6,0.2,0.4,0.4,1,0.2,1,1,0.6,0.6,0.2,60.66666666666666,0.3333333333333333,0.7333333333333333,0.8,0.4,0.5333333333333333,0.3125,-0.375,-0.0625,0.0,0,1,0,0,1,0,0,0,1,0,0
379,1.0,1,0.2,0.6,1.0,0.8,0.6,1,0.2,1,1,1.0,0.2,0.8,42.0,0.2,0.8,0.7333333333333333,0.4,0.6666666666666666,-0.25,-0.375,-0.0625,0.25,0,1,0,0,1,0,0,1,0,0,0
380,0.5,1,0.6,0.8,1.0,0.6,0.4,1,0.6,1,1,0.4,0.8,0.4,38.0,0.26666666666666666,0.5333333333333333,0.5333333333333333,0.5333333333333333,0.6,0.0,0.0,-0.125,0.375,0,1,0,0,1,0,0,0,1,0,0
383,0.4,-1,0.6,0.8,0.6,1.0,0.2,1,0.2,1,1,0.8,0.4,0.4,51.33333333333334,0.2,0.6,0.7333333333333333,0.26666666666666666,0.5333333333333333,0.1875,-0.6875,-0.0625,0.375,0,1,0,0,0,1,0,1,0,0,0
384,1.0,1,0.2,0.6,0.4,0.8,0.6,1,0.2,1,1,1.0,0.2,0.6,38.66666666666666,0.4,0.7333333333333333,0.5333333333333333,0.4666666666666667,0.5333333333333333,0.1875,-0.25,-0.125,0.125,0,1,0,0,0,1,0,1,0,0,0
387,0.4,1,0.6,0.8,0.6,0.6,0.4,1,0.2,1,1,0.8,0.4,0.6,64.0,0.4,0.5333333333333333,0.6666666666666666,0.3333333333333333,0.4,0.5,-0.6875,-0.5,-0.0625,0,1,0,0,0,1,0,0,1,0,0
388,1.0,1,0.0,0.2,1.0,0.4,0.6,-1,0.2,0,1,0.8,0.6,0.6,27.33333333333333,0.3333333333333333,0.5333333333333333,0.7333333333333333,0.4666666666666667,0.6,0.375,-0.3125,0.375,0.0625,0,1,0,0,0,1,0,0,1,0,0
389,0.4,1,0.0,0.2,0.4,0.4,0.6,1,0.2,1,1,1.0,0.2,0.6,25.33333333333333,0.26666666666666666,0.8,0.8,0.3333333333333333,0.4,0.1875,-0.25,0.375,0.1875,0,1,0,0,0,1,1,0,0,0,0
390,0.7,1,0.6,0.4,0.4,0.8,0.4,1,0.2,1,1,0.6,0.8,0.6,42.66666666666666,0.3333333333333333,0.7333333333333333,0.6,0.4,0.4666666666666667,-0.125,-0.0625,-0.375,0.0625,0,1,0,0,0,1,0,0,1,0,0
394,0.8,1,0.6,0.2,0.2,0.8,0.6,1,0.2,0,1,1.0,0.6,0.6,38.66666666666666,0.4666666666666667,0.5333333333333333,0.6,0.6,0.5333333333333333,0.25,-0.0625,-0.375,0.5,0,1,0,0,0,1,0,1,0,0,0
396,0.5,1,0.6,0.8,1.0,0.8,0.6,1,0.2,1,1,1.0,0.2,0.2,80.66666666666667,0.4,0.7333333333333333,0.6,0.3333333333333333,0.4666666666666667,0.125,-0.0625,0.1875,-0.0625,0,1,0,0,0,1,0,1,0,0,0
397,0.4,1,0.6,0.6,1.0,0.4,0.4,1,0.2,1,1,1.0,0.2,0.4,88.66666666666669,0.3333333333333333,0.7333333333333333,0.6666666666666666,0.4,0.6,0.0625,-0.375,-0.375,0.4375,0,1,0,0,0,1,0,0,1,0,0
399,0.5,1,0.6,0.8,1.0,0.8,0.6,1,0.2,1,1,1.0,0.4,0.4,74.66666666666667,0.4666666666666667,0.7333333333333333,0.6,0.5333333333333333,0.4666666666666667,0.0,-0.0625,-0.0625,0.0625,0,1,0,0,0,1,0,0,1,0,0
402,0.4,1,0.8,0.8,0.4,0.4,0.4,1,0.2,1,1,1.0,0.6,0.6,75.33333333333333,0.26666666666666666,0.6666666666666666,0.7333333333333333,0.4,0.5333333333333333,0.4375,-0.125,-0.125,0.375,0,1,0,0,0,1,0,0,1,0,0
404,0.4,1,0.0,0.4,0.4,0.8,0.4,1,0.4,1,1,1.0,0.4,0.6,44.0,0.5333333333333333,0.8,0.8,0.4,0.4666666666666667,-0.0625,0.3125,0.375,0.1875,0,1,0,0,0,1,0,0,1,0,0
407,0.9,1,0.0,0.6,0.2,0.6,0.4,1,0.2,1,1,0.6,0.4,0.4,52.0,0.3333333333333333,0.6,0.8,0.4,0.6,-0.375,-0.25,-0.1875,0.0,0,1,0,0,1,0,0,0,1,0,0
408,0.5,1,0.8,0.0,1.0,0.8,0.6,1,0.2,1,1,0.6,0.6,0.4,41.333333333333336,0.4,0.6666666666666666,0.6666666666666666,0.4666666666666667,0.5333333333333333,-0.0625,-0.5,0.0,0.0625,0,1,0,0,1,0,0,1,0,0,0
410,0.5,1,0.6,0.8,0.8,0.8,0.4,-1,0.2,1,1,0.2,0.4,0.4,59.33333333333334,0.5333333333333333,0.6666666666666666,0.6,0.6666666666666666,0.7333333333333333,0.0,-0.5,-0.4375,-0.125,0,1,0,0,1,0,0,0,1,0,0
411,0.5,1,0.6,0.6,0.4,0.6,0.4,1,0.2,1,1,0.6,0.4,0.4,76.66666666666667,0.3333333333333333,0.5333333333333333,0.6666666666666666,0.4666666666666667,0.6,0.0625,-0.125,0.0,-0.125,0,1,0,0,1,0,0,0,1,0,0
415,0.6,1,0.6,0.6,0.4,0.6,0.4,1,0.2,1,1,0.6,0.2,0.6,74.66666666666667,0.6,0.8,0.5333333333333333,0.7333333333333333,0.4666666666666667,0.5,0.375,0.5,-0.0625,0,1,0,0,1,0,1,0,0,0,0
416,0.4,1,0.6,0.8,0.6,0.6,0.4,1,0.2,1,1,0.6,0.4,0.6,10.666666666666666,0.4,0.7333333333333333,0.6666666666666666,0.4666666666666667,0.6,0.1875,-0.125,0.125,-0.1875,0,1,0,0,0,1,1,0,0,0,0
424,0.6,1,0.2,0.6,0.4,0.6,0.4,1,0.2,1,1,0.6,0.6,0.6,22.0,0.4,0.6666666666666666,0.7333333333333333,0.4,0.6,-0.125,-0.0625,0.125,0.5,0,1,0,0,0,1,0,0,1,0,0
426,0.4,1,0.6,0.6,0.2,0.8,0.4,1,0.2,1,1,0.8,0.4,0.4,26.66666666666667,0.4,0.6,0.6,0.4666666666666667,0.5333333333333333,-0.125,0.0625,-0.3125,0.0,0,1,0,0,0,1,0,1,0,0,0
433,0.5,-1,0.6,0.8,0.2,0.6,0.6,1,0.2,1,1,0.6,0.6,0.4,41.333333333333336,0.5333333333333333,0.6666666666666666,0.6666666666666666,0.4,0.5333333333333333,0.25,-0.0625,0.125,-0.5,0,1,0,0,0,1,0,0,1,0,0
437,0.5,1,0.2,0.4,0.4,0.8,0.4,1,0.2,1,1,0.8,0.8,0.2,59.33333333333334,0.4,0.8,0.7333333333333333,0.6666666666666666,0.6,0.25,-0.3125,0.0,0.0,0,1,0,0,0,1,0,0,1,0,0
438,0.5,-1,0.4,0.4,0.4,0.8,0.4,1,0.2,1,-1,0.8,0.8,0.2,83.33333333333333,0.4,0.9333333333333333,0.8,0.6666666666666666,0.6666666666666666,-0.375,-0.125,0.125,0.25,0,1,0,0,0,1,0,0,1,0,0
441,0.4,1,0.6,0.6,0.8,0.6,0.4,1,0.2,1,-1,0.6,0.4,0.4,31.125,0.3333333333333333,0.4666666666666667,0.8,0.4666666666666667,0.26666666666666666,0.0625,-0.1875,-0.0625,-0.125,0,0,1,0,1,0,0,0,1,0,0
442,0.3,1,0.6,0.6,0.4,0.4,0.4,1,0.2,0,1,0.8,0.4,0.6,19.375,0.2,0.7333333333333333,0.7333333333333333,0.4666666666666667,0.3333333333333333,0.125,-0.3125,0.0625,-0.125,0,0,1,0,1,0,1,0,0,0,0
443,0.4,1,0.6,0.6,0.4,0.8,0.6,-1,0.2,1,1,0.8,0.4,0.2,21.875,0.4666666666666667,0.6666666666666666,0.5333333333333333,0.6,0.5333333333333333,-0.0625,-0.375,0.25,-0.0625,0,0,1,0,1,0,0,0,1,0,0
444,1.0,1,0.6,0.6,0.2,0.8,0.6,-1,0.2,1,1,0.8,0.2,0.4,20.625,0.5333333333333333,0.6666666666666666,0.7333333333333333,0.7333333333333333,0.6666666666666666,-0.4375,0.125,-0.125,0.125,0,0,1,0,1,0,0,1,0,0,0
446,0.5,1,0.6,0.2,0.4,0.6,0.4,1,0.2,1,-1,0.8,0.4,0.4,18.5,0.26666666666666666,0.7333333333333333,0.8,0.5333333333333333,0.4,0.0,-0.0625,0.0,0.25,0,0,1,0,1,0,1,0,0,0,0
447,0.5,1,0.6,0.6,0.4,0.8,0.6,-1,0.2,1,1,0.4,0.6,0.6,13.875,0.4,0.6666666666666666,0.6666666666666666,0.5333333333333333,0.4666666666666667,0.1875,-0.125,-0.125,-0.0625,0,0,1,0,1,0,0,0,1,0,0
449,0.4,1,0.6,0.6,0.6,0.6,0.4,1,0.2,1,1,0.6,0.6,0.4,18.5,0.4666666666666667,0.4,0.8,0.4666666666666667,0.4,-0.125,-0.3125,0.0,0.3125,0,0,1,0,0,1,0,1,0,0,0
451,0.3,1,0.6,0.8,0.8,0.6,0.6,1,0.2,1,1,0.4,0.2,0.4,10.125,0.4666666666666667,0.6666666666666666,0.8,0.4666666666666667,0.3333333333333333,0.3125,0.1875,-0.25,0.1875,0,0,1,0,0,1,1,0,0,0,0
452,0.4,1,0.6,0.6,1.0,0.4,0.6,-1,0.2,0,1,0.6,0.4,0.6,15.25,0.4,0.5333333333333333,0.6,0.5333333333333333,0.5333333333333333,0.25,-0.0625,-0.125,0.5625,0,0,1,0,0,1,1,0,0,0,0
453,0.4,1,0.8,0.8,0.8,0.6,0.6,1,0.2,1,1,0.8,0.6,0.6,29.875,0.3333333333333333,0.6666666666666666,0.5333333333333333,0.6,0.6,-0.0625,0.0625,-0.0625,0.1875,0,0,1,0,0,1,0,1,0,0,0
454,0.5,1,0.8,0.8,0.4,0.4,0.4,1,0.2,1,1,0.8,0.6,0.4,30.875,0.26666666666666666,0.6666666666666666,0.6666666666666666,0.4,0.4,-0.125,-0.125,-0.125,0.375,0,0,1,0,0,1,1,0,0,0,0
455,0.8,1,0.8,0.8,0.2,0.8,0.4,1,0.2,1,1,0.8,0.4,0.4,19.625,0.4,0.6,0.6,0.5333333333333333,0.4666666666666667,0.0625,-0.3125,-0.25,0.0625,0,0,1,0,0,1,0,0,0,1,0
456,0.5,1,0.6,0.6,0.2,0.4,0.6,1,0.2,1,1,0.6,0.6,0.4,35.0,0.26666666666666666,0.26666666666666666,0.4,0.6,0.4,-0.125,-0.4375,0.4375,0.0625,0,0,1,0,0,1,1,0,0,0,0
457,0.4,1,0.6,0.8,1.0,0.4,0.4,-1,0.2,0,1,0.8,0.6,0.6,26.25,0.4,0.7333333333333333,0.5333333333333333,0.4666666666666667,0.8666666666666667,-0.375,0.0,0.25,0.25,0,0,1,0,0,1,0,0,1,0,0
458,0.5,1,0.2,0.6,0.2,0.6,0.4,1,0.2,1,1,0.8,0.6,0.4,21.0,0.4,0.5333333333333333,0.6,0.4666666666666667,0.3333333333333333,0.0,-0.125,0.0625,0.125,0,0,1,0,0,1,1,0,0,0,0
459,0.5,1,0.4,0.6,0.2,0.8,0.4,1,0.2,1,1,0.8,0.2,0.4,24.125,0.4666666666666667,0.6,0.6,0.4666666666666667,0.6,0.125,0.125,0.0625,0.5625,0,0,1,0,0,1,1,0,0,0,0
460,0.3,1,0.6,0.8,0.4,0.8,0.6,1,0.2,1,1,0.4,0.4,0.6,23.25,0.26666666666666666,0.4,0.5333333333333333,0.4,0.6666666666666666,-0.125,-0.375,0.0625,-0.125,0,0,1,0,0,1,0,1,0,0,0
461,0.4,1,0.0,0.6,0.2,0.6,0.6,-1,0.2,1,-1,0.2,0.6,0.4,23.5,0.4,0.4,0.4666666666666667,0.4666666666666667,0.5333333333333333,-0.3125,-0.0625,-0.125,-0.125,0,0,1,0,0,1,0,0,1,0,0
462,1.0,1,0.6,0.6,0.4,0.6,0.6,1,0.2,1,1,0.4,0.6,0.4,36.125,0.26666666666666666,0.6666666666666666,0.5333333333333333,0.6,0.4,0.0625,0.3125,0.0625,0.3125,0,0,1,0,0,1,1,0,0,0,0
463,0.5,-1,0.0,0.0,0.2,0.8,0.4,1,0.2,1,-1,0.8,0.8,0.4,30.25,0.4,1.0,0.8,0.4,0.3333333333333333,0.4375,-0.375,0.0625,0.4375,0,0,1,0,0,1,1,0,0,0,0
464,0.6,1,0.2,0.4,0.2,0.4,0.6,1,0.2,1,1,0.8,0.2,0.4,29.625,0.4,0.5333333333333333,0.6,0.4666666666666667,0.4666666666666667,-0.25,-0.0625,-0.0625,0.3125,0,0,1,0,0,1,0,0,1,0,0
466,0.9,1,0.0,0.4,0.2,0.8,0.4,-1,0.2,1,-1,0.2,0.6,0.2,33.75,0.4,0.7333333333333333,0.7333333333333333,0.7333333333333333,0.3333333333333333,0.5,-0.375,-0.125,0.0,0,0,1,0,0,1,0,0,1,0,0
467,0.6,1,0.0,0.4,0.2,0.2,0.4,-1,0.2,1,1,0.6,0.6,0.6,18.25,0.4,0.5333333333333333,0.7333333333333333,0.4666666666666667,0.6,-0.25,-0.1875,-0.5,0.375,0,0,1,0,0,1,1,0,0,0,0
468,0.7,0,0.2,0.0,0.2,0.6,0.2,1,0.2,1,1,0.8,0.8,0.4,32.875,0.5333333333333333,0.9333333333333333,0.7333333333333333,0.6666666666666666,0.4666666666666667,0.25,-0.5,0.0625,0.5625,0,0,1,0,0,1,1,0,0,0,0
469,1.0,1,0.6,0.6,0.4,0.8,0.4,1,0.2,1,1,0.2,0.6,0.4,27.75,0.3333333333333333,0.5333333333333333,0.4666666666666667,0.6,0.6,0.0,-0.125,-0.3125,0.0,0,0,1,0,0,1,0,1,0,0,0
470,0.5,1,0.8,0.8,0.6,0.6,0.4,1,0.2,1,1,0.8,0.4,0.4,24.375,0.4,0.5333333333333333,0.7333333333333333,0.6666666666666666,0.4666666666666667,0.0625,0.0,0.25,0.375,0,0,1,0,0,1,0,0,1,0,0
472,0.4,1,0.0,0.8,1.0,0.4,0.4,1,0.2,1,1,0.8,0.4,0.8,24.75,0.26666666666666666,0.8,0.6666666666666666,0.4,0.4666666666666667,0.375,0.0,-0.3125,0.375,0,0,1,0,0,1,0,0,0,1,0
474,0.4,1,0.6,0.8,0.6,0.4,0.6,1,0.2,1,1,0.8,0.2,0.6,17.625,0.4666666666666667,0.6666666666666666,0.5333333333333333,0.5333333333333333,0.4,0.125,0.1875,-0.0625,0.25,0,0,1,0,0,1,1,0,0,0,0
475,0.5,0,0.2,0.2,0.4,0.8,0.4,1,0.2,1,1,0.2,0.2,0.2,38.875,0.6,0.6,0.7333333333333333,0.3333333333333333,0.4666666666666667,-0.1875,0.5625,-0.0625,0.9375,0,0,1,0,0,1,0,0,1,0,0
476,0.6,-1,0.2,0.6,0.2,0.4,0.6,-1,0.2,1,-1,0.8,0.4,0.4,35.125,0.26666666666666666,0.4666666666666667,0.6666666666666666,0.3333333333333333,0.5333333333333333,0.125,0.0625,0.5,-0.0625,0,0,1,0,0,1,0,0,1,0,0
478,0.6,1,0.2,0.4,0.2,0.6,0.6,-1,0.2,1,-1,0.8,0.2,0.4,36.75,0.4666666666666667,0.4,0.4,0.4666666666666667,0.3333333333333333,0.125,-0.1875,0.1875,0.3125,0,0,1,0,0,1,0,0,1,0,0
480,0.4,1,0.6,0.8,0.4,0.6,0.4,1,0.2,1,1,0.4,0.8,0.8,46.125,0.3333333333333333,0.6666666666666666,0.6666666666666666,0.5333333333333333,0.5333333333333333,-0.125,0.0,-0.3125,0.3125,0,0,1,0,0,1,1,0,0,0,0
482,0.6,1,0.6,0.6,0.2,0.6,0.6,1,0.2,1,1,0.4,0.2,0.6,37.25,0.3333333333333333,0.4,0.6,0.3333333333333333,0.3333333333333333,0.25,0.1875,-0.125,0.25,0,0,1,0,0,1,0,0,1,0,0
483,0.4,1,0.8,0.8,0.8,0.8,0.6,1,0.2,1,1,0.8,0.2,0.8,17.375,0.3333333333333333,0.5333333333333333,0.6666666666666666,0.6666666666666666,0.4,0.8125,-0.4375,-0.0625,0.75,0,0,1,0,0,1,0,0,1,0,0
484,0.5,1,0.6,0.8,0.8,0.8,0.4,1,0.2,1,1,0.6,0.6,0.4,30.625,0.3333333333333333,0.5333333333333333,0.5333333333333333,0.4666666666666667,0.6666666666666666,-0.25,-0.125,-0.25,1.0,0,0,1,0,0,1,0,0,1,0,0
487,0.4,1,0.6,0.0,0.4,0.6,0.6,-1,0.2,1,1,0.2,0.6,0.4,20.8,0.26666666666666666,0.6666666666666666,0.6666666666666666,0.8,0.6,0.5625,-0.625,0.0,0.5625,0,0,1,0,1,0,1,0,0,0,0
488,1.0,-1,0.6,0.6,0.8,0.4,0.6,1,0.2,1,1,0.8,0.2,0.4,61.0,0.26666666666666666,0.6666666666666666,0.7333333333333333,0.8666666666666667,0.6,0.75,-0.875,0.25,0.5625,0,0,1,0,1,0,0,0,1,0,0
489,0.6,1,0.6,0.4,0.2,0.4,0.2,-1,0.2,1,1,0.2,0.4,0.2,78.0,0.3333333333333333,0.4,0.6,0.5333333333333333,0.6,0.6875,0.1875,-0.0625,0.25,0,0,1,0,0,1,1,0,0,0,0
490,0.5,1,0.0,0.6,0.8,0.8,0.4,1,0.2,1,1,0.8,0.8,0.4,51.6,0.5333333333333333,0.8,0.6666666666666666,0.5333333333333333,0.4666666666666667,-0.3125,0.0,-0.375,0.1875,0,0,1,0,1,0,0,0,1,0,0
492,0.4,1,0.2,0.6,0.6,0.6,0.4,-1,0.2,1,1,0.2,0.8,0.4,38.2,0.5333333333333333,0.8666666666666667,0.6666666666666666,0.5333333333333333,0.5333333333333333,-0.125,0.125,-0.25,-0.25,0,0,1,0,1,0,1,0,0,0,0
493,0.6,1,0.2,0.2,0.2,0.6,0.6,-1,0.2,1,1,0.2,0.2,0.6,25.0,0.2,0.7333333333333333,0.8,0.5333333333333333,0.4666666666666667,0.6875,-0.3125,-0.125,-0.125,0,0,1,0,1,0,1,0,0,0,0
498,0.4,1,0.8,0.8,0.4,0.8,0.6,1,0.2,-1,1,0.8,0.6,0.4,47.6,0.2,0.9333333333333333,0.5333333333333333,0.4666666666666667,0.3333333333333333,0.0625,0.0,-0.375,0.375,0,0,1,0,1,0,1,0,0,0,0
499,0.5,1,0.2,0.6,0.4,0.6,0.4,1,0.2,1,1,0.8,0.8,0.6,43.4,0.4666666666666667,0.8666666666666667,0.5333333333333333,0.6666666666666666,0.4,0.0625,0.3125,-0.0625,0.375,0,0,1,0,1,0,0,0,1,0,0
500,0.5,1,0.2,0.8,0.4,0.8,0.6,-1,0.2,1,1,0.2,0.6,0.4,33.6,0.26666666666666666,0.4666666666666667,0.4666666666666667,0.6,0.4,-0.125,0.0,-0.1875,0.3125,0,0,1,0,1,0,0,0,1,0,0
501,0.5,1,0.8,0.8,0.6,0.2,0.6,-1,0.2,0,1,0.8,0.6,0.6,29.2,0.3333333333333333,0.8,0.6,0.5333333333333333,0.4,0.0625,-0.25,-0.1875,0.0625,0,0,1,0,1,0,0,0,0,0,1
502,0.5,1,0.6,0.6,1.0,0.6,0.4,1,0.2,1,1,0.8,0.6,0.6,50.2,0.6666666666666666,0.6666666666666666,0.6,0.4,0.5333333333333333,0.0,0.0,0.25,0.0625,0,0,1,0,1,0,0,0,1,0,0
504,0.7,1,0.4,0.6,1.0,0.6,0.6,-1,0.2,1,1,0.2,0.2,0.2,35.0,0.6666666666666666,0.7333333333333333,0.6,0.26666666666666666,0.5333333333333333,0.0,0.0,-0.125,0.125,0,0,1,0,0,1,1,0,0,0,0
505,1.0,1,0.6,0.2,0.2,0.8,0.8,-1,0.2,1,-1,0.8,0.6,0.4,24.8,0.6,0.5333333333333333,0.8666666666666667,0.3333333333333333,0.5333333333333333,-0.0625,-0.1875,-0.4375,-0.125,0,0,1,0,0,1,0,0,1,0,0
506,0.4,-1,0.6,0.8,0.2,0.6,0.6,-1,0.2,1,-1,0.8,0.2,0.6,32.4,0.8666666666666667,0.7333333333333333,0.4,0.6,0.7333333333333333,-0.25,-0.25,-0.375,0.375,0,0,1,0,0,1,0,0,1,0,0
507,0.5,1,0.2,0.0,1.0,0.4,1.0,-1,0.2,1,1,0.8,0.2,0.6,17.8,0.3333333333333333,0.4666666666666667,0.6,0.4,0.4666666666666667,0.0,-0.875,0.0,-0.25,0,0,1,0,0,1,0,0,1,0,0
508,0.4,1,0.6,0.6,0.6,0.6,0.6,1,0.2,1,1,0.8,0.4,0.8,56.8,0.3333333333333333,0.6666666666666666,0.4666666666666667,0.7333333333333333,0.4666666666666667,0.25,0.375,0.1875,0.625,0,0,1,0,0,1,1,0,0,0,0
509,0.6,-1,0.4,0.6,0.2,0.6,0.4,1,0.2,1,1,0.6,0.2,0.4,77.4,0.3333333333333333,0.4666666666666667,0.7333333333333333,0.4666666666666667,0.5333333333333333,0.375,0.0625,0.0,0.0,0,0,1,0,0,1,1,0,0,0,0
510,0.4,1,0.0,0.0,0.2,0.6,0.6,-1,0.2,1,1,0.2,0.6,0.4,41.4,0.2,0.6666666666666666,0.5333333333333333,0.3333333333333333,0.2,-0.1875,-0.125,0.0625,-0.3125,0,0,1,0,0,1,1,0,0,0,0
511,0.9,-1,0.2,0.6,0.4,0.8,0.4,-1,0.2,1,-1,0.2,0.6,0.8,56.0,0.3333333333333333,0.7333333333333333,0.6666666666666666,0.4,0.6,0.25,-0.3125,0.0,0.125,0,0,1,0,0,1,0,0,1,0,0
512,0.6,-1,0.6,0.6,0.4,0.6,0.4,1,0.2,1,1,0.8,0.2,0.6,30.0,0.4,0.5333333333333333,0.6,0.8666666666666667,0.6,0.375,0.0,-0.5625,0.5,0,0,1,0,1,0,1,0,0,0,0
513,0.4,-1,0.6,0.6,0.2,0.6,0.4,-1,0.2,1,-1,0.2,0.4,0.4,55.8,0.26666666666666666,0.4,0.5333333333333333,0.3333333333333333,0.6,-0.125,-0.25,-0.25,0.375,0,0,1,0,0,1,0,0,0,1,0
514,0.7,1,0.0,0.0,0.4,0.8,0.4,1,0.2,1,1,0.4,0.2,0.4,52.4,0.3333333333333333,0.6666666666666666,0.5333333333333333,0.4666666666666667,0.4666666666666667,-0.1875,0.0625,-0.25,0.125,0,0,1,0,0,1,0,0,1,0,0
515,0.5,1,0.0,0.6,0.2,0.8,0.4,-1,0.2,1,-1,0.8,0.2,0.6,19.4,0.4,0.5333333333333333,0.6666666666666666,0.6,0.4,0.0625,-0.375,0.25,0.0,0,0,1,0,0,1,1,0,0,0,0
518,0.5,1,0.6,0.8,0.6,0.8,0.6,1,0.2,1,-1,0.6,0.2,0.6,21.6,0.3333333333333333,0.7333333333333333,0.6666666666666666,0.5333333333333333,0.4666666666666667,0.1875,-0.375,0.1875,-0.0625,0,0,1,0,0,1,1,0,0,0,0
519,0.3,1,0.0,0.2,0.2,0.6,0.4,1,0.2,1,-1,0.8,0.8,0.6,33.0,0.4666666666666667,0.5333333333333333,0.7333333333333333,0.5333333333333333,0.5333333333333333,-0.125,0.0,0.0,0.3125,0,0,1,0,0,1,0,0,1,0,0
521,0.5,1,0.0,0.2,0.4,0.4,0.6,1,0.2,1,1,0.2,0.2,0.4,50.4,0.26666666666666666,0.6666666666666666,0.9333333333333333,0.5333333333333333,0.6,-0.3125,0.0,-0.0625,0.0,0,0,1,0,0,1,1,0,0,0,0
522,0.4,-1,0.2,0.6,0.2,0.6,0.4,1,0.2,-1,-1,0.8,0.4,0.6,28.6,0.4,0.6,0.7333333333333333,0.5333333333333333,0.5333333333333333,0.3125,0.1875,0.1875,0.125,0,0,1,0,0,1,0,0,1,0,0
523,0.5,1,0.8,0.8,0.8,0.8,0.4,1,0.2,1,1,0.4,0.2,0.8,43.4,0.6,0.6666666666666666,0.4,0.4666666666666667,0.6666666666666666,0.625,-0.25,-0.0625,0.1875,0,0,1,0,0,1,0,0,1,0,0
524,0.5,-1,0.6,0.6,0.4,0.8,0.4,1,0.2,1,-1,0.8,0.4,0.6,54.4,0.5333333333333333,0.4666666666666667,0.6,0.5333333333333333,0.5333333333333333,-0.125,0.0,0.0,0.25,0,0,1,0,0,1,0,0,1,0,0
525,0.3,1,0.2,0.6,0.4,0.8,0.4,-1,0.2,1,1,0.8,0.6,0.4,47.8,0.6,0.5333333333333333,0.6666666666666666,0.4666666666666667,0.5333333333333333,-0.3125,-0.1875,0.125,0.3125,0,0,1,0,0,1,0,0,1,0,0
526,0.6,-1,0.4,0.4,0.8,0.8,0.6,1,0.2,0,1,0.8,0.4,0.6,37.0,0.26666666666666666,0.6,0.6,0.4,0.5333333333333333,0.3125,0.3125,0.1875,0.125,0,0,1,0,0,1,0,0,1,0,0
527,1.0,1,0.2,0.8,0.8,0.6,0.6,1,0.2,1,1,0.8,0.4,0.6,54.8,0.5333333333333333,0.8,0.4666666666666667,0.6666666666666666,0.5333333333333333,0.1875,-0.0625,0.0,0.9375,0,0,1,0,0,1,1,0,0,0,0
528,0.2,1,0.6,0.6,0.2,0.6,0.4,1,0.2,1,1,0.4,0.6,0.4,42.8,0.6666666666666666,0.5333333333333333,0.6,0.5333333333333333,0.7333333333333333,-0.5625,-0.0625,0.0,0.75,0,0,1,0,0,1,0,0,1,0,0
530,0.5,-1,0.6,0.6,0.4,0.8,0.4,1,0.2,1,1,0.8,0.4,0.4,57.2,0.3333333333333333,0.6,0.7333333333333333,0.4666666666666667,0.6,0.375,0.0,-0.3125,0.5625,0,0,1,0,0,1,0,1,0,0,0
531,0.4,1,0.6,0.4,0.2,0.8,0.4,1,0.2,1,1,0.6,0.2,0.4,15.0,0.4,0.4,0.7333333333333333,0.5333333333333333,0.5333333333333333,0.3125,-0.3125,0.0625,0.4375,0,0,1,0,0,1,0,0,1,0,0
532,0.4,1,0.6,0.8,0.8,0.6,0.6,1,0.4,1,1,0.8,0.2,0.8,41.5,0.4666666666666667,0.3333333333333333,0.5333333333333333,0.4666666666666667,0.4666666666666667,-0.375,0.125,0.1875,0.25,0,0,1,0,1,0,1,0,0,0,0
533,0.5,1,0.4,0.4,0.6,0.4,0.4,1,0.2,1,1,0.6,0.6,0.4,28.2,0.5333333333333333,0.5333333333333333,0.4,0.4666666666666667,0.4,-0.0625,0.0625,-0.125,0.0625,0,0,1,0,1,0,1,0,0,0,0
534,0.4,1,0.4,0.8,0.4,0.6,0.6,1,0.2,1,1,0.8,0.4,0.6,36.4,0.4,0.4,0.6666666666666666,0.4666666666666667,0.6666666666666666,0.375,-0.0625,0.1875,0.1875,0,0,1,0,1,0,0,0,1,0,0
535,0.4,1,0.0,0.6,0.4,0.8,0.6,1,0.6,1,1,0.8,0.4,0.4,49.4,0.2,0.7333333333333333,0.7333333333333333,0.4666666666666667,0.5333333333333333,0.125,0.0625,0.0,0.0625,0,0,1,0,1,0,1,0,0,0,0
536,1.0,-1,0.6,0.4,1.0,0.8,0.6,1,0.4,1,1,0.8,0.4,0.2,63.6,0.3333333333333333,0.6,0.7333333333333333,0.4,0.5333333333333333,0.25,0.0625,0.0625,0.125,0,0,1,0,1,0,1,0,0,0,0
537,0.7,1,0.0,0.6,0.4,0.4,0.6,1,0.2,1,1,0.8,0.6,0.2,38.4,0.4666666666666667,0.6666666666666666,0.6,0.5333333333333333,0.5333333333333333,-0.0625,-0.0625,0.0625,0.0625,0,0,1,0,0,1,1,0,0,0,0
538,0.4,1,0.6,0.6,0.4,0.4,0.4,1,0.2,1,1,0.6,0.2,0.6,27.2,0.4,0.6666666666666666,0.5333333333333333,0.4666666666666667,0.5333333333333333,-0.1875,0.125,0.0,0.5625,0,0,1,0,0,1,0,0,1,0,0
540,0.5,1,0.2,0.4,0.6,0.8,0.4,-1,0.2,-1,1,0.8,0.2,0.4,33.6,0.4,0.6,0.6666666666666666,0.6,0.5333333333333333,0.0,0.0,0.25,0.4375,0,0,1,0,0,1,0,1,0,0,0
542,0.4,-1,0.0,0.6,0.4,0.6,0.4,1,0.4,1,-1,0.8,0.6,0.6,52.8,0.4,0.5333333333333333,0.6,0.4666666666666667,0.4,-0.25,0.3125,0.0,0.25,0,0,1,0,0,1,1,0,0,0,0
543,0.5,1,0.0,0.6,0.2,0.8,0.6,1,0.2,1,1,0.8,0.4,0.6,36.4,0.3333333333333333,0.5333333333333333,0.6,0.5333333333333333,0.4,0.375,-0.125,0.375,-0.0625,0,0,1,0,0,1,1,0,0,0,0
544,0.4,1,0.2,0.6,0.2,0.6,0.6,-1,0.2,1,1,0.2,0.4,0.4,35.0,0.5333333333333333,0.6,0.5333333333333333,0.5333333333333333,0.3333333333333333,0.0625,-0.25,0.0,0.3125,0,0,1,0,0,1,1,0,0,0,0
545,0.4,1,0.2,0.6,0.6,0.8,0.4,-1,0.2,1,1,0.2,0.8,0.4,48.6,0.4,0.4,0.6666666666666666,0.5333333333333333,0.4,-0.4375,-0.25,0.0,-0.1875,0,0,1,0,0,1,0,1,0,0,0
546,0.4,1,0.2,0.4,0.2,0.8,0.6,-1,0.2,1,-1,0.8,0.6,0.4,37.2,0.3333333333333333,0.6666666666666666,0.6666666666666666,0.6,0.5333333333333333,0.3125,-0.1875,0.1875,0.0625,0,0,1,0,0,1,0,1,0,0,0
547,0.4,1,0.6,0.6,0.6,0.4,0.4,-1,0.2,0,1,0.8,0.6,0.8,33.0,0.4,0.8,0.4,0.7333333333333333,0.6,-0.125,-0.125,-0.0625,-0.125,0,0,1,0,1,0,1,0,0,0,0
548,0.4,1,0.6,0.6,0.2,0.8,0.2,-1,0.2,0,1,0.6,0.6,0.6,56.6,0.3333333333333333,0.8,0.8666666666666667,0.3333333333333333,0.3333333333333333,-0.3125,0.5,-0.375,0.25,0,0,1,0,0,1,0,0,1,0,0
549,0.4,1,0.4,0.6,0.4,0.8,0.4,-1,0.2,1,-1,0.6,0.4,0.4,20.0,0.4666666666666667,0.6666666666666666,0.5333333333333333,0.4666666666666667,0.4666666666666667,0.1875,-0.25,0.125,0.0,0,0,1,0,0,1,0,0,1,0,0
550,0.4,1,0.2,0.2,0.4,0.8,0.4,1,0.2,-1,1,0.8,0.6,0.6,38.8,0.5333333333333333,0.7333333333333333,0.5333333333333333,0.6666666666666666,0.6666666666666666,-0.0625,0.25,0.0625,0.625,0,0,1,0,0,1,0,0,1,0,0
551,0.4,1,0.0,0.0,0.2,0.6,0.4,1,0.4,1,-1,0.2,0.4,0.2,44.6,0.6,0.6666666666666666,0.4666666666666667,0.4666666666666667,0.4666666666666667,-0.125,-0.125,-0.125,0.3125,0,0,1,0,0,1,1,0,0,0,0
552,0.6,1,0.0,0.6,1.0,0.8,0.4,1,0.2,1,-1,0.6,0.4,0.6,43.8,0.3333333333333333,0.5333333333333333,0.6666666666666666,0.6666666666666666,0.5333333333333333,0.0625,-0.1875,0.0625,0.1875,0,0,1,0,0,1,0,0,1,0,0
556,0.4,0,0.6,0.6,0.4,0.8,0.4,1,0.4,1,1,0.8,0.4,0.4,22.4,0.4,0.4,0.6666666666666666,0.3333333333333333,0.6666666666666666,0.25,-0.0625,0.3125,0.1875,0,0,1,0,0,1,0,0,1,0,0
557,1.0,1,0.0,0.6,0.2,0.8,0.6,-1,0.2,0,-1,0.8,0.8,0.6,64.8,0.3333333333333333,0.6,0.4,0.7333333333333333,0.7333333333333333,-0.5,-0.375,0.0625,0.375,0,0,1,0,0,1,0,1,0,0,0
558,0.6,1,0.6,0.6,0.6,0.6,0.6,1,0.2,1,1,0.8,0.6,0.8,44.6,0.4666666666666667,0.6666666666666666,0.6666666666666666,0.3333333333333333,0.4666666666666667,0.0,0.0625,-0.1875,0.3125,0,0,1,0,0,1,0,0,1,0,0
559,0.4,1,0.0,0.0,1.0,0.4,0.4,-1,0.2,1,1,0.6,0.6,0.4,42.6,0.4666666666666667,0.4,0.7333333333333333,0.3333333333333333,0.4,-0.0625,0.0,0.3125,0.1875,0,0,1,0,0,1,1,0,0,0,0
561,0.4,-1,0.2,0.4,0.2,0.8,0.4,-1,0.2,1,1,0.2,0.2,0.4,43.8,0.3333333333333333,0.6,0.7333333333333333,0.4666666666666667,0.4666666666666667,0.3125,-0.0625,0.3125,0.1875,0,0,1,0,0,1,0,0,1,0,0
563,0.4,1,0.6,0.6,0.2,0.4,0.4,-1,0.2,1,1,0.8,0.8,0.4,50.8,0.4666666666666667,0.7333333333333333,0.5333333333333333,0.6,0.5333333333333333,0.0625,0.375,-0.125,0.4375,0,0,1,0,0,1,1,0,0,0,0
567,0.3,0,0.0,0.0,0.2,0.8,0.4,-1,0.2,0,1,0.4,0.8,0.6,45.8,0.26666666666666666,0.7333333333333333,0.6,0.6666666666666666,0.5333333333333333,0.1875,-0.25,0.4375,0.125,0,0,1,0,0,1,0,0,1,0,0
568,0.5,1,0.2,0.4,0.4,0.6,0.6,1,0.2,1,1,0.4,0.4,0.4,40.4,0.4,0.6666666666666666,0.6666666666666666,0.4,0.3333333333333333,-0.375,-0.1875,-0.0625,0.3125,0,0,1,0,0,1,0,0,1,0,0
569,1.0,1,0.8,0.8,0.8,0.4,0.4,-1,0.2,1,1,0.8,0.6,0.6,24.6,0.4,0.6666666666666666,0.6666666666666666,0.3333333333333333,0.4,0.1875,-0.5,0.0,0.125,0,0,1,0,0,1,1,0,0,0,0
572,0.3,1,0.2,0.2,0.2,0.2,0.2,-1,0.2,1,-1,0.6,0.8,0.2,63.6,0.5333333333333333,1.0,0.3333333333333333,0.2,0.4666666666666667,0.0,0.0,0.125,0.375,0,0,1,0,0,1,0,0,0,0,1
573,0.9,1,0.6,0.4,0.4,0.6,0.4,-1,0.2,1,1,0.2,0.6,0.6,35.0,0.26666666666666666,0.6666666666666666,0.6666666666666666,0.4666666666666667,0.3333333333333333,-0.125,-0.0625,-0.125,0.0625,0,0,1,0,0,1,0,1,0,0,0
576,0.5,1,0.4,0.4,1.0,0.6,0.4,-1,0.4,1,1,0.2,0.4,0.4,21.75,0.4,0.5333333333333333,0.8666666666666667,0.4,0.6,0.1875,-0.125,0.1875,0.375,0,0,1,0,0,1,1,0,0,0,0
579,0.5,1,0.2,0.6,0.2,0.8,0.4,1,0.2,1,1,0.2,0.8,0.4,37.2,0.5333333333333333,0.6,0.8,0.6666666666666666,0.5333333333333333,0.1875,-0.3125,0.25,-0.3125,0,0,1,0,1,0,0,0,1,0,0
581,0.4,1,0.0,0.0,1.0,0.4,0.4,-1,0.2,1,1,0.2,0.2,0.2,42.0,0.2,0.4666666666666667,0.4666666666666667,0.26666666666666666,0.3333333333333333,-0.3125,-0.125,0.3125,-0.625,0,0,1,0,1,0,1,0,0,0,0
585,0.5,1,0.2,0.4,0.4,0.2,0.4,1,0.2,1,1,0.8,0.6,0.2,54.0,0.2,0.6666666666666666,0.6,0.6,0.4666666666666667,-0.1875,-0.3125,0.125,0.125,0,0,1,0,1,0,1,0,0,0,0
591,0.4,1,0.6,0.8,0.6,0.8,0.4,-1,0.2,1,1,0.2,0.6,0.6,28.25,0.4666666666666667,0.6,0.7333333333333333,0.3333333333333333,0.5333333333333333,0.375,-0.5,-0.3125,0.1875,0,0,1,0,1,0,1,0,0,0,0
592,0.4,1,0.0,0.0,1.0,0.8,0.4,-1,0.2,1,1,0.2,0.2,0.2,21.0,0.2,0.4666666666666667,0.4666666666666667,0.26666666666666666,0.3333333333333333,0.125,0.125,0.3125,-0.5625,0,0,1,0,1,0,0,1,0,0,0
602,0.4,1,0.6,0.8,0.4,0.6,0.4,1,0.2,1,-1,0.2,0.6,0.4,25.6,0.5333333333333333,0.6,0.8,0.26666666666666666,0.6,0.0625,-0.4375,-0.0625,0.0,0,0,1,0,1,0,1,0,0,0,0
604,0.8,1,0.8,0.8,0.6,0.8,0.4,1,0.2,1,1,0.4,0.6,0.6,18.2,0.4,0.6666666666666666,0.5333333333333333,0.5333333333333333,0.5333333333333333,-0.0625,-0.3125,-0.0625,-0.125,0,0,1,0,1,0,0,1,0,0,0
606,0.4,1,0.0,0.6,1.0,0.2,0.4,-1,0.2,1,1,0.2,0.2,0.2,32.8,0.4666666666666667,0.4666666666666667,0.4666666666666667,0.26666666666666666,0.4,0.1875,-0.3125,0.125,-0.3125,0,0,1,0,1,0,1,0,0,0,0
608,0.7,1,0.0,0.2,1.0,0.8,0.2,1,0.2,1,1,0.4,0.2,0.2,35.0,0.3333333333333333,0.7333333333333333,0.8,0.2,0.6,0.125,-0.3125,0.3125,-0.125,0,0,1,0,1,0,0,1,0,0,0
609,0.5,1,0.4,0.6,0.4,0.8,0.2,-1,0.2,1,1,0.4,0.6,0.6,32.0,0.26666666666666666,0.8,0.7333333333333333,0.4666666666666667,0.4666666666666667,0.125,0.0,0.25,-0.0625,0,0,1,0,1,0,0,0,1,0,0
612,0.5,1,0.0,0.0,0.4,0.8,0.4,1,0.2,1,1,0.8,0.6,0.6,24.2,0.4,0.5333333333333333,0.6666666666666666,0.4666666666666667,0.5333333333333333,0.125,0.0625,0.0625,0.25,0,0,1,0,0,1,0,0,0,1,0
617,0.4,1,0.6,0.2,0.4,0.6,0.6,-1,0.2,1,1,0.2,0.4,0.4,59.2,0.3333333333333333,0.5333333333333333,0.4666666666666667,0.6,0.5333333333333333,-0.1875,0.0,0.0,0.125,0,0,1,0,0,1,0,0,1,0,0
618,0.4,1,0.8,0.8,1.0,0.6,0.6,1,0.2,1,1,0.4,0.6,0.4,16.4,0.4,0.5333333333333333,0.7333333333333333,0.4,0.6,0.125,-0.4375,0.3125,-0.3125,0,0,1,0,0,1,1,0,0,0,0
621,0.3,-1,0.0,0.0,0.2,0.4,0.6,1,0.2,1,1,0.4,0.2,0.4,37.6,0.4,0.6666666666666666,0.6666666666666666,0.26666666666666666,0.4,-0.1875,-0.1875,-0.0625,-0.0625,0,0,1,0,0,1,1,0,0,0,0
622,0.4,-1,0.6,0.4,0.4,0.8,0.2,1,0.2,1,1,0.4,0.6,0.4,33.4,0.2,0.4,0.4666666666666667,0.4666666666666667,0.2,-0.3125,-0.125,-0.125,-0.375,0,0,1,0,0,1,1,0,0,0,0
625,0.9,1,0.2,0.6,0.2,0.4,0.4,-1,0.2,1,1,0.2,0.4,0.4,36.0,0.4,0.4,0.4666666666666667,0.6,0.5333333333333333,-0.3125,0.125,-0.0625,0.0,0,0,1,0,0,1,1,0,0,0,0
627,0.6,1,0.2,0.8,0.2,0.6,0.4,-1,0.2,1,1,0.4,0.4,0.6,30.2,0.3333333333333333,0.7333333333333333,0.9333333333333333,0.6,0.5333333333333333,0.25,0.0,0.125,0.0625,0,0,1,0,0,1,0,1,0,0,0
628,0.5,1,0.6,0.4,0.4,0.8,0.4,1,0.2,1,1,0.4,0.6,0.8,29.6,0.4,0.4666666666666667,0.6666666666666666,0.4666666666666667,0.6,0.125,0.0625,0.0625,0.25,0,0,1,0,0,1,0,0,1,0,0
629,0.4,1,0.0,0.6,0.4,0.2,0.2,-1,0.2,1,1,0.4,0.6,0.6,14.6,0.4,0.5333333333333333,0.6666666666666666,0.4666666666666667,0.5333333333333333,0.4375,-0.375,-0.3125,0.1875,0,0,1,0,0,1,1,0,0,0,0
630,0.4,1,0.2,0.8,0.2,0.8,0.4,-1,0.2,1,-1,0.4,0.6,0.4,27.8,0.6,0.6,0.6666666666666666,0.6666666666666666,0.7333333333333333,-0.5,0.1875,0.0,0.0,0,0,1,0,0,1,1,0,0,0,0
631,0.2,1,0.8,0.8,0.4,0.4,0.4,-1,0.2,1,1,0.4,0.2,0.8,34.6,0.2,0.4,0.6666666666666666,0.4,0.4,0.1875,0.25,0.8125,-0.3125,0,0,1,0,0,1,1,0,0,0,0
635,0.4,1,0.6,0.8,0.8,0.8,0.4,-1,0.2,1,1,0.2,0.4,0.2,32.0,0.4666666666666667,0.6,0.5333333333333333,0.4,0.5333333333333333,-0.0625,0.0,0.0,0.4375,0,0,1,0,0,1,0,1,0,0,0
636,0.4,1,0.0,0.4,0.2,0.6,0.4,1,0.2,1,1,0.6,0.2,0.4,33.4,0.3333333333333333,0.4666666666666667,0.5333333333333333,0.4666666666666667,0.4666666666666667,-0.3125,0.0625,-0.125,0.0,0,0,1,0,0,1,1,0,0,0,0
640,0.6,-1,0.2,0.4,0.2,0.4,0.4,-1,0.2,1,1,0.4,0.4,0.4,48.6,0.4,0.5333333333333333,0.8,0.2,0.5333333333333333,-0.3125,-0.1875,0.0625,-0.125,0,0,1,0,0,1,1,0,0,0,0
641,0.5,1,0.0,0.6,1.0,0.8,0.2,-1,0.2,1,-1,0.2,0.4,0.2,41.4,0.4,0.5333333333333333,0.6666666666666666,0.6666666666666666,0.4666666666666667,0.1875,-0.0625,0.3125,-0.125,0,0,1,0,0,1,0,0,0,1,0
642,0.5,1,0.4,0.8,1.0,0.2,0.4,-1,0.2,1,-1,0.2,0.2,0.4,52.2,0.4,0.6,0.6666666666666666,0.6,0.6,0.0625,-0.375,-0.125,0.125,0,0,1,0,0,1,0,0,0,0,1
643,0.3,-1,0.8,0.8,0.2,0.8,0.4,-1,0.2,1,1,0.2,0.6,0.6,36.0,0.4,0.4,0.4666666666666667,0.5333333333333333,0.6,-0.5,0.125,0.125,-0.125,0,0,1,0,0,1,0,0,0,1,0
644,0.4,1,0.6,0.0,1.0,0.8,0.2,-1,0.2,0,1,0.2,0.8,1.0,14.8,0.4666666666666667,0.8666666666666667,0.5333333333333333,0.5333333333333333,0.5333333333333333,0.0,-0.0625,0.1875,0.5,0,0,1,0,0,1,0,0,1,0,0
645,0.4,-1,0.0,0.4,0.6,0.8,0.4,1,0.2,1,1,0.8,0.8,0.4,21.8,0.3333333333333333,0.6666666666666666,0.7333333333333333,0.5333333333333333,0.4666666666666667,-0.0625,-0.3125,0.125,-0.375,0,0,1,0,0,1,1,0,0,0,0
646,0.4,1,0.6,0.6,0.6,0.8,0.6,1,0.2,0,1,0.8,0.2,0.4,23.0,0.6,0.7333333333333333,0.6,0.5333333333333333,0.6,0.1875,-0.0625,0.3125,-0.125,0,0,1,0,0,1,0,0,1,0,0
650,0.5,1,0.0,0.0,0.2,0.2,0.6,1,0.2,-1,1,0.6,0.2,0.2,25.4,0.4666666666666667,0.7333333333333333,0.6,0.3333333333333333,0.6666666666666666,0.1875,-0.0625,0.3125,-0.125,0,0,1,0,0,1,1,0,0,0,0
651,0.5,1,0.2,0.2,0.4,0.6,0.4,-1,0.2,1,-1,0.4,0.6,0.4,32.0,0.8666666666666667,0.4666666666666667,0.6666666666666666,0.7333333333333333,0.7333333333333333,-0.1875,-0.1875,-0.4375,0.1875,0,0,1,0,0,1,1,0,0,0,0
654,0.4,1,0.6,0.6,0.4,0.4,0.4,1,0.2,1,1,0.4,0.8,0.4,12.2,0.4,0.7333333333333333,0.7333333333333333,0.6,0.4,0.125,-0.0625,0.3125,0.4375,0,0,1,0,0,1,1,0,0,0,0
655,0.4,1,0.6,0.8,0.4,0.4,0.6,-1,0.8,1,1,0.8,0.4,0.4,45.0,0.3333333333333333,0.6,0.6,0.4,0.4,0.0,0.1875,0.0,0.375,0,0,0,1,1,0,1,0,0,0,0
658,0.5,1,0.6,0.8,0.4,0.8,0.6,-1,0.6,1,1,1.0,0.2,0.6,47.8,0.3333333333333333,0.5333333333333333,0.5333333333333333,0.5333333333333333,0.6,0.625,-0.5,-0.1875,-0.3125,0,0,0,1,1,0,1,0,0,0,0
659,0.4,1,0.2,0.2,0.4,0.6,0.6,-1,0.2,1,1,0.8,0.2,0.2,65.6,0.2,0.2,0.5333333333333333,0.5333333333333333,0.4666666666666667,0.1875,-0.0625,-0.3125,-0.125,0,0,0,1,1,0,1,0,0,0,0
660,0.5,1,0.6,0.6,0.6,0.4,0.4,1,0.2,1,1,0.8,0.8,0.8,63.8,0.4,1.0,0.6666666666666666,0.5333333333333333,0.6,-0.125,0.125,0.0,0.4375,0,0,0,1,1,0,0,0,1,0,0
661,0.6,1,0.0,0.4,0.6,0.4,0.6,-1,0.2,1,-1,0.8,0.6,0.6,47.6,0.6,0.5333333333333333,0.8,0.6,0.6,-0.6875,0.125,-0.125,0.9375,0,0,0,1,1,0,1,0,0,0,0
663,1.0,1,0.6,0.4,0.4,0.6,0.4,-1,0.2,1,1,0.6,0.6,0.6,40.2,0.26666666666666666,0.6,0.8,0.5333333333333333,0.4,0.0625,0.125,-0.5625,0.0,0,0,0,1,1,0,1,0,0,0,0
664,0.5,1,0.4,0.4,1.0,0.6,0.4,-1,0.8,1,-1,0.8,0.6,0.4,55.0,0.4,0.4,0.6,0.5333333333333333,0.6,0.0625,-0.125,0.375,0.125,0,0,0,1,1,0,1,0,0,0,0
665,0.4,1,0.6,0.6,0.2,0.8,0.6,1,0.4,1,1,0.8,0.4,0.6,52.0,0.5333333333333333,0.3333333333333333,0.6666666666666666,0.4,0.5333333333333333,-0.1875,-0.6875,0.3125,-0.375,0,0,0,1,1,0,0,0,1,0,0
666,0.4,1,0.6,0.8,0.6,0.4,0.4,1,0.2,1,1,0.8,0.8,0.8,63.6,0.4666666666666667,0.9333333333333333,0.6666666666666666,0.3333333333333333,0.6,-0.25,0.0625,0.125,0.4375,0,0,0,1,1,0,0,0,1,0,0
667,0.6,1,0.4,0.6,0.4,0.6,0.4,-1,0.2,1,1,0.8,0.6,0.4,44.6,0.4,1.0,0.6,0.6,0.6,-0.5,0.375,-0.25,0.5,0,0,0,1,1,0,1,0,0,0,0
668,0.5,1,0.2,0.6,0.2,0.6,0.4,1,0.4,1,1,0.8,0.6,0.6,53.4,0.3333333333333333,0.2,0.7333333333333333,0.4,0.4666666666666667,0.5625,-0.5,0.0,-0.1875,0,0,0,1,1,0,0,0,1,0,0
669,0.5,1,0.0,0.6,0.2,0.4,0.4,-1,0.2,1,-1,0.8,0.6,0.4,60.2,0.26666666666666666,0.3333333333333333,0.6,0.3333333333333333,0.6666666666666666,-0.125,0.3125,-0.0625,0.5,0,0,0,1,0,1,1,0,0,0,0
671,0.5,1,0.0,0.2,0.4,0.8,0.6,-1,0.2,1,-1,0.8,0.6,0.4,57.6,0.4,0.4666666666666667,0.6666666666666666,0.6666666666666666,0.4,0.0625,0.0,-0.125,0.3125,0,0,0,1,0,1,0,1,0,0,0
672,0.7,1,0.0,0.8,0.4,0.8,0.4,1,0.2,1,1,0.8,0.4,0.6,65.0,0.2,0.6,0.5333333333333333,0.5333333333333333,0.3333333333333333,0.4375,-0.0625,0.375,0.0,0,0,0,1,0,1,1,0,0,0,0
674,0.4,1,0.0,0.4,0.4,0.4,0.6,1,0.2,1,1,0.8,0.6,0.4,53.8,0.3333333333333333,0.5333333333333333,0.6,0.6666666666666666,0.5333333333333333,0.25,-0.4375,0.375,-0.25,0,0,0,1,0,1,1,0,0,0,0
676,0.9,1,0.2,0.2,0.4,0.4,0.4,-1,0.4,1,1,0.8,0.6,0.4,57.8,0.5333333333333333,0.4,0.5333333333333333,0.4,0.4,-0.0625,-0.3125,0.3125,0.0625,0,0,0,1,0,1,0,0,1,0,0
678,0.3,-1,0.4,0.6,0.4,0.6,0.4,-1,0.2,1,1,0.8,0.6,0.4,59.4,0.4,0.8666666666666667,0.8,0.6,0.4666666666666667,0.1875,-0.25,0.3125,-0.0625,0,0,0,1,0,1,0,0,1,0,0
680,0.5,1,0.0,0.8,0.4,0.4,0.4,1,0.2,1,1,0.8,0.6,0.4,44.0,0.3333333333333333,0.5333333333333333,0.6,0.6666666666666666,0.4666666666666667,-0.5,0.25,-0.1875,0.5625,0,0,0,1,0,1,1,0,0,0,0
681,0.4,-1,0.6,0.6,0.2,0.4,0.6,-1,0.4,1,-1,0.2,0.4,0.4,72.8,0.26666666666666666,0.5333333333333333,0.7333333333333333,0.4666666666666667,0.4666666666666667,0.3125,0.0,0.125,-0.125,0,0,0,1,0,1,1,0,0,0,0
682,0.5,1,0.2,0.6,0.4,0.6,0.4,-1,0.2,1,1,0.8,0.2,0.2,43.4,0.6666666666666666,0.9333333333333333,0.5333333333333333,0.4666666666666667,0.6,0.125,-0.25,0.75,-0.25,0,0,0,1,0,1,0,0,1,0,0
683,1.0,1,0.2,0.6,0.4,0.4,0.6,-1,0.2,1,-1,0.6,0.4,0.4,55.4,0.4666666666666667,0.6666666666666666,0.6,0.6,0.6,0.125,-0.3125,-0.0625,0.5,0,0,0,1,0,1,0,0,0,0,1
684,0.4,-1,0.4,0.6,0.4,0.6,0.6,1,0.2,1,-1,0.8,0.6,0.4,66.4,0.3333333333333333,0.7333333333333333,0.5333333333333333,0.6,0.4666666666666667,-0.125,-0.25,0.1875,0.0625,0,0,0,1,0,1,1,0,0,0,0
694,0.4,1,0.6,0.8,0.4,0.6,0.6,-1,0.4,1,1,0.2,0.4,0.2,54.4,0.26666666666666666,0.26666666666666666,0.6666666666666666,0.5333333333333333,0.4,0.0,-0.25,-0.0625,0.25,0,0,0,1,0,1,1,0,0,0,0
695,0.4,1,0.6,0.8,0.4,0.6,0.6,-1,0.4,1,1,0.2,0.4,0.2,54.6,0.4,0.4666666666666667,0.6666666666666666,0.7333333333333333,0.4666666666666667,0.0,0.0625,0.25,0.0,0,0,0,1,0,1,1,0,0,0,0
699,1.0,1,0.0,0.0,1.0,0.4,0.4,-1,0.2,1,-1,0.6,0.6,0.4,60.8,0.3333333333333333,0.4666666666666667,0.6,0.6,0.4,0.0625,0.125,0.0625,0.375,0,0,0,1,0,1,1,0,0,0,0
700,1.0,1,0.0,0.0,1.0,0.6,0.6,1,0.6,1,1,0.8,0.2,0.2,57.2,0.4666666666666667,0.2,0.6,0.6,0.4666666666666667,0.375,0.0,0.125,0.1875,0,0,0,1,0,1,0,0,1,0,0
701,0.3,1,0.0,0.6,0.6,0.8,0.6,-1,0.2,1,1,0.8,0.6,0.6,57.2,0.4,0.7333333333333333,0.8,0.6666666666666666,0.3333333333333333,0.0,-0.0625,0.0,0.25,0,0,0,1,0,1,1,0,0,0,0
702,0.4,1,0.6,0.8,0.4,0.6,0.4,-1,0.4,1,1,0.2,0.4,0.4,48.8,0.3333333333333333,0.4666666666666667,0.8,0.5333333333333333,0.5333333333333333,0.375,0.125,0.3125,0.25,0,0,0,1,0,1,0,0,1,0,0
706,0.4,1,0.8,0.8,0.6,0.6,0.6,1,1.0,1,1,0.8,0.4,0.4,68.4,0.3333333333333333,0.6666666666666666,1.0,0.3333333333333333,0.5333333333333333,0.125,-0.25,-0.375,0.0,0,0,0,1,0,1,1,0,0,0,0
712,0.4,1,0.8,0.8,0.2,0.6,0.4,1,0.2,1,1,0.8,0.6,0.4,47.0,0.4,0.5333333333333333,0.6666666666666666,0.6,0.5333333333333333,0.1875,-0.125,0.0,-0.1875,0,0,0,1,1,0,1,0,0,0,0
714,0.5,1,0.8,0.6,0.4,0.8,0.4,1,0.2,1,1,0.4,0.6,0.6,48.6,0.5333333333333333,0.6,0.7333333333333333,0.5333333333333333,0.4666666666666667,0.0625,-0.1875,0.125,0.0625,0,0,0,1,1,0,0,0,1,0,0
715,0.6,1,0.4,0.6,0.6,0.8,0.6,-1,0.2,1,-1,0.4,0.4,0.6,46.0,0.4,0.6666666666666666,0.5333333333333333,0.3333333333333333,0.5333333333333333,0.0625,-0.25,0.0625,-0.4375,0,0,0,1,1,0,0,1,0,0,0
724,0.5,1,0.6,0.8,0.6,0.6,0.4,-1,0.2,1,1,0.8,0.8,0.2,64.2,0.6,1.0,0.6,0.4666666666666667,0.6666666666666666,-0.125,0.1875,-0.0625,0.0,0,0,0,1,1,0,0,1,0,0,0
727,0.4,1,0.2,0.8,0.8,0.4,0.6,-1,0.2,1,-1,0.6,0.2,0.6,60.6,0.26666666666666666,0.5333333333333333,0.7333333333333333,0.4,0.4666666666666667,0.3125,-0.3125,0.375,0.0,0,0,0,1,1,0,0,0,1,0,0
735,0.4,1,0.2,0.6,0.4,0.8,0.4,-1,0.2,1,1,0.6,0.4,0.6,68.8,0.4,0.6,0.4666666666666667,0.6,0.5333333333333333,-0.3125,0.0,0.0625,0.6875,0,0,0,1,0,1,0,1,0,0,0
736,0.4,1,0.4,0.6,0.4,0.4,0.6,-1,0.2,1,1,0.2,0.4,0.6,39.6,0.4,0.8,0.8,0.6666666666666666,0.6666666666666666,0.25,0.25,0.5,-0.3125,0,0,0,1,0,1,0,0,1,0,0
737,0.6,1,0.2,0.4,0.4,0.8,0.6,1,0.2,1,1,0.6,0.4,0.6,43.4,0.4,0.8,0.8,0.6666666666666666,0.6666666666666666,-0.0625,0.25,-0.5,0.0625,0,0,0,1,0,1,0,1,0,0,0
738,0.4,1,0.2,0.8,0.8,0.6,0.2,-1,0.2,1,1,0.8,0.8,1.0,55.8,0.3333333333333333,0.4666666666666667,0.4666666666666667,0.4666666666666667,0.5333333333333333,-0.375,-0.125,0.25,0.5,0,0,0,1,0,1,0,0,1,0,0
740,0.6,-1,0.2,0.6,0.4,0.6,0.4,1,0.2,1,1,0.8,0.6,0.6,57.8,0.6,0.4666666666666667,0.4666666666666667,0.4666666666666667,0.5333333333333333,0.375,-0.1875,-0.25,0.5,0,0,0,1,0,1,1,0,0,0,0
743,0.4,-1,0.6,0.6,0.2,0.6,0.4,1,0.2,1,1,0.8,0.4,0.4,52.0,0.4,0.6666666666666666,0.6666666666666666,0.3333333333333333,0.26666666666666666,0.375,-0.3125,-0.1875,0.1875,0,0,0,1,0,1,1,0,0,0,0
748,0.4,1,0.2,0.4,0.6,0.4,0.6,-1,0.2,1,1,0.2,0.2,0.2,58.4,0.3333333333333333,0.4,0.6666666666666666,0.4,0.4666666666666667,0.25,-0.625,0.75,0.0,0,0,0,1,0,1,1,0,0,0,0
752,0.4,1,0.8,0.6,0.6,0.4,0.6,-1,0.2,1,1,0.6,0.6,0.6,72.8,0.3333333333333333,0.4666666666666667,0.4666666666666667,0.4666666666666667,0.6,0.1875,-0.125,-0.375,0.1875,0,0,0,1,0,1,1,0,0,0,0
754,0.3,1,0.2,0.0,0.2,0.4,0.4,-1,0.2,1,1,0.8,0.4,0.4,65.8,0.2,0.6,0.6,0.7333333333333333,0.5333333333333333,-0.1875,-0.1875,-0.125,0.25,0,0,0,1,0,1,1,0,0,0,0
755,0.5,1,0.2,0.6,0.8,0.8,0.4,1,0.2,1,1,0.6,0.4,0.6,63.0,0.26666666666666666,0.8,0.4666666666666667,0.3333333333333333,0.4666666666666667,0.125,-0.25,0.25,-0.0625,0,0,0,1,0,1,1,0,0,0,0
758,0.4,1,0.2,0.4,0.4,0.4,0.4,-1,0.2,0,1,0.6,0.6,0.6,39.2,0.4666666666666667,0.6666666666666666,0.6,0.4666666666666667,0.4666666666666667,-0.0625,0.125,-0.1875,0.4375,0,0,0,1,0,1,1,0,0,0,0
760,0.4,1,0.0,0.6,0.4,0.6,0.4,1,0.2,1,1,0.6,0.6,0.4,41.2,0.3333333333333333,0.7333333333333333,0.5333333333333333,0.5333333333333333,0.4,0.125,-0.25,-0.3125,0.125,0,0,0,1,1,0,1,0,0,0,0
761,0.7,1,0.8,0.6,0.4,0.4,0.6,-1,0.8,1,-1,0.6,0.2,0.4,62.6,0.4,0.8666666666666667,0.5333333333333333,0.5333333333333333,0.4666666666666667,0.125,0.125,-0.3125,-0.5625,0,0,0,1,1,0,1,0,0,0,0
764,0.7,1,0.2,0.2,0.4,0.2,0.4,-1,0.8,1,-1,0.4,0.4,0.4,37.4,0.4,0.8,0.7333333333333333,0.5333333333333333,0.5333333333333333,0.25,-0.375,0.125,0.0625,0,0,0,1,1,0,1,0,0,0,0
766,0.5,1,0.0,0.4,1.0,0.4,0.6,-1,0.6,1,1,0.6,0.4,0.4,53.0,0.4,0.6,0.8,0.4,0.5333333333333333,0.25,-0.125,0.4375,0.0625,0,0,0,1,1,0,1,0,0,0,0
767,0.4,1,0.8,0.8,0.8,0.8,0.6,1,0.4,1,1,0.4,0.6,0.6,65.6,0.2,0.4666666666666667,0.4,0.4,0.3333333333333333,-0.1875,-0.1875,0.0,-0.0625,0,0,0,1,1,0,0,0,1,0,0
770,0.5,1,0.0,0.6,0.2,0.2,0.4,-1,0.4,1,1,0.4,0.4,0.2,48.2,0.26666666666666666,0.6666666666666666,0.6,0.4666666666666667,0.4666666666666667,0.375,-0.125,0.0,-0.1875,0,0,0,1,1,0,0,0,0,0,1
771,0.4,1,0.2,0.8,1.0,0.2,0.2,-1,0.8,1,-1,0.6,0.4,0.4,57.4,0.3333333333333333,0.8,0.6666666666666666,0.3333333333333333,0.5333333333333333,0.125,-0.4375,0.375,-0.125,0,0,0,1,1,0,1,0,0,0,0
772,1.0,1,0.4,0.6,0.6,0.4,0.6,1,1.0,1,1,0.6,0.2,0.4,59.4,0.2,0.6,0.7333333333333333,0.4,0.4,0.375,-0.1875,0.125,-0.0625,0,0,0,1,1,0,0,0,1,0,0
775,0.6,1,0.2,0.4,1.0,0.2,0.4,-1,0.8,1,1,0.4,0.4,0.6,69.8,0.4666666666666667,0.8,0.8666666666666667,0.5333333333333333,0.5333333333333333,0.4375,-0.25,0.25,-0.1875,0,0,0,1,1,0,1,0,0,0,0
777,0.5,-1,0.6,0.8,0.2,0.6,0.6,1,1.0,1,1,0.6,0.6,0.4,70.8,0.4,0.6,0.6,0.5333333333333333,0.5333333333333333,-0.0625,0.0,-0.5,0.0,0,0,0,1,1,0,0,0,1,0,0
778,1.0,1,0.6,0.6,0.2,0.4,0.4,1,0.4,1,1,0.6,0.4,0.4,45.6,0.2,0.5333333333333333,0.6666666666666666,0.26666666666666666,0.6,0.3125,-0.375,0.0625,-0.125,0,0,0,1,1,0,0,0,1,0,0
779,0.5,1,0.2,0.4,0.2,0.4,0.4,1,0.6,1,-1,0.4,0.2,0.4,56.6,0.26666666666666666,0.4666666666666667,0.5333333333333333,0.4,0.6666666666666666,0.3125,-0.3125,0.3125,-0.125,0,0,0,1,1,0,1,0,0,0,0
780,0.5,1,0.6,0.4,0.2,0.8,0.6,1,0.4,1,1,0.6,0.6,0.4,58.8,0.3333333333333333,0.4,0.6,0.4666666666666667,0.5333333333333333,-0.1875,-0.1875,0.25,-0.25,0,0,0,1,1,0,0,0,1,0,0
783,0.6,1,0.4,0.4,0.4,0.8,0.4,1,0.4,1,1,0.6,0.4,0.6,57.6,0.3333333333333333,0.7333333333333333,0.5333333333333333,0.3333333333333333,0.4666666666666667,-0.375,0.375,-0.125,0.25,0,0,0,1,1,0,0,0,1,0,0
784,0.5,1,0.6,0.6,0.2,0.4,0.4,1,0.4,1,1,0.4,0.6,0.6,73.6,0.4,0.6,0.5333333333333333,0.3333333333333333,0.4666666666666667,0.0,0.0625,-0.125,0.0625,0,0,0,1,1,0,0,0,1,0,0
785,1.0,-1,0.6,0.6,1.0,0.4,0.6,1,0.4,1,1,0.4,0.6,0.4,57.6,0.26666666666666666,0.6666666666666666,0.5333333333333333,0.26666666666666666,0.6,0.0625,-0.375,0.4375,-0.1875,0,0,0,1,1,0,0,0,1,0,0
786,0.6,1,0.4,0.6,0.4,0.4,0.6,1,1.0,1,1,0.4,0.6,0.6,42.6,0.2,0.6666666666666666,0.5333333333333333,0.4666666666666667,0.4666666666666667,0.25,0.125,0.0,-0.3125,0,0,0,1,1,0,1,0,0,0,0
787,0.4,1,0.2,0.8,1.0,0.6,0.4,1,0.4,1,1,0.8,0.8,0.4,54.6,0.3333333333333333,0.8666666666666667,0.5333333333333333,0.4666666666666667,0.6,0.375,-0.375,0.25,-0.125,0,0,0,1,1,0,0,0,1,0,0
792,0.4,1,0.6,0.6,1.0,0.8,0.4,1,0.2,0,1,0.8,0.2,0.6,53.0,0.7333333333333333,0.9333333333333333,0.5333333333333333,0.2,0.4666666666666667,-0.0625,0.0625,0.0625,0.25,0,0,0,1,0,1,1,0,0,0,0
793,1.0,1,0.6,0.6,0.4,0.6,0.4,1,0.2,1,1,0.6,0.4,0.4,43.6,0.2,0.26666666666666666,0.4666666666666667,0.6,0.6666666666666666,0.5625,0.125,0.1875,-0.3125,0,0,0,1,0,1,1,0,0,0,0
794,0.4,-1,0.4,0.4,1.0,0.8,0.6,1,0.2,1,1,0.6,0.4,0.4,79.8,0.2,0.7333333333333333,0.6,0.6,0.4666666666666667,0.125,-0.0625,-0.5625,-0.1875,0,0,0,1,0,1,0,1,0,0,0
795,0.4,1,0.8,0.8,0.4,0.6,0.4,1,0.2,1,1,0.6,0.4,0.4,46.4,0.3333333333333333,0.6,0.6666666666666666,0.5333333333333333,0.5333333333333333,0.375,0.0,-0.3125,0.125,0,0,0,1,0,1,1,0,0,0,0
796,1.0,1,0.6,0.4,0.4,0.6,0.4,1,0.2,1,1,0.6,0.6,0.6,34.6,0.4666666666666667,0.9333333333333333,0.6666666666666666,0.5333333333333333,0.5333333333333333,0.1875,-0.0625,-0.5625,-0.3125,0,0,0,1,0,1,1,0,0,0,0
798,0.5,1,0.0,0.4,0.4,0.8,0.4,-1,0.6,1,1,0.2,0.6,0.4,58.2,0.3333333333333333,0.6,0.7333333333333333,0.6666666666666666,0.4,-0.25,-0.0625,0.375,0.0,0,0,0,1,0,1,0,1,0,0,0
799,0.4,1,0.6,0.6,0.4,0.4,0.2,1,0.2,1,1,0.6,0.2,0.4,45.6,0.26666666666666666,0.8,0.6666666666666666,0.5333333333333333,0.4666666666666667,0.5,-0.125,-0.0625,0.125,0,0,0,1,0,1,1,0,0,0,0
801,0.4,1,0.2,0.4,0.4,0.8,0.4,1,0.6,1,1,0.6,0.6,0.4,57.0,0.26666666666666666,0.5333333333333333,0.6666666666666666,0.4666666666666667,0.6,-0.375,-0.1875,-0.0625,0.5625,0,0,0,1,0,1,1,0,0,0,0
803,0.5,1,0.6,0.6,0.6,0.8,0.4,1,0.2,1,1,0.2,0.6,0.8,24.0,0.4,0.6666666666666666,0.6666666666666666,0.4666666666666667,0.8,0.0,-0.3125,0.125,0.375,0,0,0,1,0,1,0,1,0,0,0
804,0.4,1,0.6,0.6,0.4,0.4,0.6,1,0.4,1,1,0.4,0.4,0.2,29.6,0.2,0.4666666666666667,0.6666666666666666,0.4,0.6666666666666666,-0.375,-0.0625,0.125,0.9375,0,0,0,1,0,1,1,0,0,0,0
806,0.6,1,0.2,0.0,0.4,0.4,0.4,1,0.4,1,1,0.4,0.6,0.4,41.6,0.5333333333333333,0.4,0.6,0.4,0.6,0.125,-0.125,0.0,0.25,0,0,0,1,0,1,1,0,0,0,0
808,0.5,-1,0.2,0.0,0.4,0.4,0.4,1,0.2,1,1,0.8,0.8,0.6,29.6,0.26666666666666666,0.6,0.6666666666666666,0.4,0.6,-0.125,0.1875,0.375,0.375,0,0,0,1,0,1,1,0,0,0,0
809,0.5,1,0.2,0.6,0.4,0.2,0.4,1,0.2,1,1,0.4,0.4,0.4,51.6,0.26666666666666666,0.6,0.6,0.4,0.6,0.3125,0.125,-0.125,0.625,0,0,0,1,0,1,1,0,0,0,0
810,0.4,-1,0.8,0.6,0.4,0.6,0.6,1,0.4,1,-1,0.8,0.4,0.4,50.4,0.4,0.5333333333333333,0.6,0.5333333333333333,0.6,0.0625,-0.25,-0.25,0.1875,0,0,0,1,0,1,0,0,1,0,0
813,0.6,1,0.0,0.0,1.0,0.2,0.2,1,0.2,1,1,0.6,0.2,0.4,38.8,0.5333333333333333,0.7333333333333333,0.6,0.5333333333333333,0.6666666666666666,0.625,-0.125,-0.0625,0.375,0,0,0,1,0,1,1,0,0,0,0
814,1.0,1,0.0,0.0,0.4,0.8,0.4,-1,0.4,1,1,0.6,0.2,0.4,53.6,0.2,0.4666666666666667,0.6666666666666666,0.5333333333333333,0.3333333333333333,0.5625,-0.375,0.375,-0.5,0,0,0,1,0,1,0,0,1,0,0
815,0.2,-1,0.4,0.6,1.0,0.4,0.6,1,0.6,1,1,0.4,0.4,0.2,42.8,0.2,0.4666666666666667,0.6666666666666666,0.4,0.6666666666666666,-0.3125,0.1875,0.125,0.9375,0,0,0,1,0,1,1,0,0,0,0
816,0.7,1,0.8,0.6,0.6,0.6,0.4,1,0.2,1,1,0.6,0.6,0.4,80.2,0.5333333333333333,0.5333333333333333,0.8,0.5333333333333333,0.6666666666666666,-0.375,-0.0625,0.125,0.25,0,0,0,1,0,1,0,0,0,1,0
817,0.6,1,0.0,0.0,0.2,0.4,0.2,-1,0.4,1,-1,0.2,0.2,0.8,50.6,0.3333333333333333,0.7333333333333333,0.8666666666666667,0.5333333333333333,0.5333333333333333,-0.1875,0.125,0.125,0.125,0,0,0,1,0,1,1,0,0,0,0
819,0.6,1,0.4,0.6,0.8,0.4,0.6,1,0.2,1,1,0.6,0.2,0.4,49.0,0.2,0.7333333333333333,0.4666666666666667,0.2,0.7333333333333333,0.25,-0.625,-0.5625,0.375,0,0,0,1,0,1,1,0,0,0,0
820,0.4,1,0.0,0.0,0.4,0.2,0.4,1,0.6,1,1,0.6,0.2,0.6,31.2,0.26666666666666666,0.4666666666666667,0.8666666666666667,0.6,0.4666666666666667,0.125,-0.125,-0.25,0.5625,0,0,0,1,0,1,1,0,0,0,0
821,0.4,1,0.2,0.6,0.8,0.4,0.4,1,0.6,1,1,0.6,0.2,0.4,47.6,0.2,0.3333333333333333,0.7333333333333333,0.5333333333333333,0.6666666666666666,-0.25,0.125,0.0,0.375,0,0,0,1,0,1,1,0,0,0,0
822,0.4,1,0.6,0.4,1.0,0.8,0.4,1,0.6,1,1,0.6,0.4,0.6,49.4,0.2,0.6,0.6666666666666666,0.4666666666666667,0.4666666666666667,0.0,-0.0625,0.0,0.5,0,0,0,1,0,1,1,0,0,0,0
823,0.4,1,0.0,0.0,0.2,0.8,0.4,1,0.4,1,1,0.4,0.6,0.6,28.2,0.4666666666666667,0.6666666666666666,0.6666666666666666,0.3333333333333333,0.6666666666666666,-0.3125,0.1875,0.375,0.25,0,0,0,1,0,1,0,0,1,0,0
824,0.6,-1,0.2,0.4,0.4,0.6,0.6,1,0.2,1,1,0.6,0.2,0.6,52.6,0.3333333333333333,0.7333333333333333,0.8,0.5333333333333333,0.5333333333333333,0.4375,-0.0625,0.375,-0.25,0,0,0,1,0,1,0,0,1,0,0
826,0.5,1,0.6,0.6,0.4,0.6,0.4,1,0.2,1,1,0.4,0.6,0.2,61.6,0.4,0.6666666666666666,0.8,0.4,0.5333333333333333,0.25,0.1875,-0.25,0.375,0,0,0,1,0,1,1,0,0,0,0
827,0.7,1,0.2,0.6,1.0,0.6,0.4,1,0.4,1,1,0.6,0.6,0.6,63.2,0.3333333333333333,0.6,0.5333333333333333,0.5333333333333333,0.4,0.0,0.1875,0.5625,0.1875,0,0,0,1,0,1,1,0,0,0,0
828,0.6,1,0.6,0.8,0.8,0.4,0.6,1,0.2,1,1,0.6,0.2,0.2,65.2,0.4,0.4,0.7333333333333333,0.4666666666666667,0.3333333333333333,0.0625,-0.1875,-0.125,1.125,0,0,0,1,0,1,1,0,0,0,0
829,0.2,-1,0.2,0.4,0.6,0.4,0.4,1,0.4,1,1,0.6,0.2,0.4,53.6,0.26666666666666666,0.4,0.6666666666666666,0.5333333333333333,0.2,0.375,-0.375,0.0625,0.4375,0,0,0,1,0,1,0,0,0,0,1
